CD_MUN,Cultura_Predominante
3100104,Soja (em grão)
3100203,Milho (em grão)
3100302,Feijão (em grão)
3100401,Milho (em grão)
3100500,Cana-de-açúcar
3100609,Milho (em grão)
3100708,Cana-de-açúcar
3100807,Milho (em grão)
3100906,Mandioca
3101003,Mandioca
3101102,Milho (em grão)
3101201,Milho (em grão)
3101300,Milho (em grão)
3101409,Milho (em grão)
3101508,Feijão (em grão)
3101607,Soja (em grão)
3101631,Milho (em grão)
3101706,Feijão (em grão)
3101805,Milho (em grão)
3101904,Soja (em grão)
3102001,Milho (em grão)
3102050,Milho (em grão)
3102100,Milho (em grão)
3102209,Feijão (em grão)
3102308,Milho (em grão)
3102407,Mandioca
3102506,Milho (em grão)
3102605,Milho (em grão)
3102704,Feijão (em grão)
3102803,Milho (em grão)
3102852,Milho (em grão)
3102902,Milho (em grão)
3103009,Milho (em grão)
3103108,Milho (em grão)
3103207,Milho (em grão)
3103306,Feijão (em grão)
3103405,Feijão (em grão)
3103504,Soja (em grão)
3103603,Feijão (em grão)
3103702,Milho (em grão)
3103751,Cana-de-açúcar
3103801,Milho (em grão)
3103900,Mandioca
3104007,Soja (em grão)
3104106,Cana-de-açúcar
3104205,Milho (em grão)
3104304,Cana-de-açúcar
3104403,Feijão (em grão)
3104452,Milho (em grão)
3104502,Soja (em grão)
3104601,Mandioca
3104700,Feijão (em grão)
3104809,Cana-de-açúcar
3104908,Milho (em grão)
3105004,Soja (em grão)
3105103,Cana-de-açúcar
3105202,Mandioca
3105301,Milho (em grão)
3105400,Cana-de-açúcar
3105509,Cana-de-açúcar
3105608,Milho (em grão)
3105707,Feijão (em grão)
3105905,Milho (em grão)
3106002,Milho (em grão)
3106101,Milho (em grão)
3106200,Pouca Expressão Agrícola
3106309,Milho (em grão)
3106408,Batata-doce
3106507,Milho (em grão)
3106606,Mandioca
3106655,Feijão (em grão)
3106705,Milho (em grão)
3106804,Feijão (em grão)
3106903,Cana-de-açúcar
3107000,Milho (em grão)
3107109,Milho (em grão)
3107208,Milho (em grão)
3107307,Feijão (em grão)
3107406,Soja (em grão)
3107505,Feijão (em grão)
3107604,Soja (em grão)
3107703,Milho (em grão)
3107802,Feijão (em grão)
3107901,Batata-inglesa
3108008,Milho (em grão)
3108107,Mandioca
3108206,Soja (em grão)
3108255,Feijão (em grão)
3108305,Milho (em grão)
3108404,Milho (em grão)
3108503,Feijão (em grão)
3108552,Milho (em grão)
3108602,Feijão (em grão)
3108701,Feijão (em grão)
3108800,Feijão (em grão)
3108909,Mandioca
3109006,Milho (em grão)
3109105,Batata-inglesa
3109204,Milho (em grão)
3109253,Milho (em grão)
3109303,Soja (em grão)
3109402,Soja (em grão)
3109451,Soja (em grão)
3109501,Milho (em grão)
3109600,Milho (em grão)
3109709,Mandioca
3109808,Soja (em grão)
3109907,Soja (em grão)
3110004,Milho (em grão)
3110103,Feijão (em grão)
3110202,Milho (em grão)
3110301,Milho (em grão)
3110400,Milho (em grão)
3110509,Batata-inglesa
3110608,Milho (em grão)
3110707,Milho (em grão)
3110806,Cana-de-açúcar
3110905,Soja (em grão)
3111002,Milho (em grão)
3111101,Soja (em grão)
3111150,Feijão (em grão)
3111200,Milho (em grão)
3111309,Milho (em grão)
3111408,Cana-de-açúcar
3111507,Soja (em grão)
3111606,Soja (em grão)
3111705,Milho (em grão)
3111804,Cana-de-açúcar
3111903,Milho (em grão)
3112000,Milho (em grão)
3112059,Milho (em grão)
3112109,Milho (em grão)
3112208,Milho (em grão)
3112307,Milho (em grão)
3112406,Soja (em grão)
3112505,Alho
3112604,Soja (em grão)
3112653,Milho (em grão)
3112703,Milho (em grão)
3112802,Milho (em grão)
3112901,Milho (em grão)
3113008,Feijão (em grão)
3113107,Feijão (em grão)
3113206,Milho (em grão)
3113305,Milho (em grão)
3113404,Feijão (em grão)
3113503,Milho (em grão)
3113602,Milho (em grão)
3113701,Mandioca
3113800,Milho (em grão)
3113909,Soja (em grão)
3114006,Milho (em grão)
3114105,Soja (em grão)
3114204,Milho (em grão)
3114303,Soja (em grão)
3114402,Soja (em grão)
3114501,Milho (em grão)
3114550,Cana-de-açúcar
3114600,Milho (em grão)
3114709,Milho (em grão)
3114808,Milho (em grão)
3114907,Milho (em grão)
3115003,Soja (em grão)
3115102,Soja (em grão)
3115201,Milho (em grão)
3115300,Milho (em grão)
3115359,Milho (em grão)
3115409,Milho (em grão)
3115458,Feijão (em grão)
3115474,Feijão (em grão)
3115508,Milho (em grão)
3115607,Milho (em grão)
3115706,Milho (em grão)
3115805,Soja (em grão)
3115904,Feijão (em grão)
3116001,Milho (em grão)
3116100,Milho (em grão)
3116159,Soja (em grão)
3116209,Cana-de-açúcar
3116308,Milho (em grão)
3116407,Milho (em grão)
3116506,Milho (em grão)
3116605,Soja (em grão)
3116704,Feijão (em grão)
3116803,Cana-de-açúcar
3116902,Cana-de-açúcar
3117009,Mandioca
3117108,Milho (em grão)
3117207,Milho (em grão)
3117306,Cana-de-açúcar
3117405,Milho (em grão)
3117504,Milho (em grão)
3117603,Milho (em grão)
3117702,Milho (em grão)
3117801,Soja (em grão)
3117836,Milho (em grão)
3117876,Milho (em grão)
3117900,Milho (em grão)
3118007,Milho (em grão)
3118106,Milho (em grão)
3118205,Cana-de-açúcar
3118304,Milho (em grão)
3118403,Milho (em grão)
3118502,Milho (em grão)
3118601,Milho (em grão)
3118700,Soja (em grão)
3118809,Milho (em grão)
3118908,Milho (em grão)
3119005,Soja (em grão)
3119104,Soja (em grão)
3119203,Milho (em grão)
3119302,Soja (em grão)
3119401,Mandioca
3119500,Milho (em grão)
3119609,Mandioca
3119708,Soja (em grão)
3119807,Soja (em grão)
3119906,Milho (em grão)
3119955,Milho (em grão)
3120003,Milho (em grão)
3120102,Milho (em grão)
3120151,Mandioca
3120201,Soja (em grão)
3120300,Feijão (em grão)
3120409,Milho (em grão)
3120508,Feijão (em grão)
3120607,Mandioca
3120706,Soja (em grão)
3120805,Milho (em grão)
3120839,Cana-de-açúcar
3120870,Mandioca
3120904,Soja (em grão)
3121001,Milho (em grão)
3121100,Milho (em grão)
3121209,Soja (em grão)
3121258,Cana-de-açúcar
3121308,Feijão (em grão)
3121407,Milho (em grão)
3121506,Milho (em grão)
3121605,Feijão (em grão)
3121704,Milho (em grão)
3121803,Milho (em grão)
3121902,Feijão (em grão)
3122009,Feijão (em grão)
3122108,Cana-de-açúcar
3122207,Feijão (em grão)
3122306,Milho (em grão)
3122355,Mandioca
3122405,Milho (em grão)
3122454,Mandioca
3122470,Soja (em grão)
3122504,Milho (em grão)
3122603,Cana-de-açúcar
3122702,Milho (em grão)
3122801,Milho (em grão)
3122900,Milho (em grão)
3123007,Milho (em grão)
3123106,Milho (em grão)
3123205,Soja (em grão)
3123304,Cana-de-açúcar
3123403,Cana-de-açúcar
3123502,Soja (em grão)
3123528,Feijão (em grão)
3123601,Soja (em grão)
3123700,Milho (em grão)
3123809,Milho (em grão)
3123858,Milho (em grão)
3123908,Milho (em grão)
3124005,Milho (em grão)
3124104,Cana-de-açúcar
3124203,Feijão (em grão)
3124302,Milho (em grão)
3124401,Soja (em grão)
3124500,Milho (em grão)
3124609,Milho (em grão)
3124708,Soja (em grão)
3124807,Soja (em grão)
3124906,Milho (em grão)
3125002,Milho (em grão)
3125101,Soja (em grão)
3125200,Milho (em grão)
3125309,Milho (em grão)
3125408,Milho (em grão)
3125507,Cana-de-açúcar
3125606,Mandioca
3125705,Soja (em grão)
3125804,Milho (em grão)
3125903,Cana-de-açúcar
3125952,Milho (em grão)
3126000,Milho (em grão)
3126109,Soja (em grão)
3126208,Soja (em grão)
3126307,Milho (em grão)
3126406,Milho (em grão)
3126505,Milho (em grão)
3126604,Milho (em grão)
3126703,Milho (em grão)
3126752,Milho (em grão)
3126802,Milho (em grão)
3126901,Milho (em grão)
3126950,Milho (em grão)
3127008,Cana-de-açúcar
3127057,Mandioca
3127073,Cana-de-açúcar
3127107,Cana-de-açúcar
3127206,Milho (em grão)
3127305,Milho (em grão)
3127339,Milho (em grão)
3127354,Milho (em grão)
3127370,Cana-de-açúcar
3127388,Feijão (em grão)
3127404,Milho (em grão)
3127503,Feijão (em grão)
3127602,Milho (em grão)
3127701,Cana-de-açúcar
3127800,Milho (em grão)
3127909,Soja (em grão)
3128006,Feijão (em grão)
3128105,Soja (em grão)
3128204,Milho (em grão)
3128253,Milho (em grão)
3128303,Cana-de-açúcar
3128402,Feijão (em grão)
3128501,Cana-de-açúcar
3128600,Soja (em grão)
3128709,Soja (em grão)
3128808,Milho (em grão)
3128907,Soja (em grão)
3129004,Milho (em grão)
3129103,Cana-de-açúcar
3129202,Milho (em grão)
3129301,Tomate
3129400,Milho (em grão)
3129509,Soja (em grão)
3129608,Milho (em grão)
3129657,Milho (em grão)
3129707,Milho (em grão)
3129806,Milho (em grão)
3129905,Milho (em grão)
3130002,Milho (em grão)
3130051,Milho (em grão)
3130101,Milho (em grão)
3130200,Milho (em grão)
3130309,Soja (em grão)
3130408,Milho (em grão)
3130507,Milho (em grão)
3130556,Feijão (em grão)
3130606,Feijão (em grão)
3130655,Milho (em grão)
3130705,Soja (em grão)
3130804,Soja (em grão)
3130903,Milho (em grão)
3131000,Soja (em grão)
3131109,Milho (em grão)
3131158,Milho (em grão)
3131208,Milho (em grão)
3131307,Melancia
3131406,Soja (em grão)
3131505,Batata-inglesa
3131604,Soja (em grão)
3131703,Cana-de-açúcar
3131802,Feijão (em grão)
3131901,Milho (em grão)
3132008,Milho (em grão)
3132107,Milho (em grão)
3132206,Cana-de-açúcar
3132305,Feijão (em grão)
3132404,Milho (em grão)
3132503,Milho (em grão)
3132602,Mandioca
3132701,Mandioca
3132800,Cana-de-açúcar
3132909,Milho (em grão)
3133006,Milho (em grão)
3133105,Milho (em grão)
3133204,Milho (em grão)
3133303,Mandioca
3133402,Cana-de-açúcar
3133501,Soja (em grão)
3133600,Batata-inglesa
3133709,Milho (em grão)
3133758,Milho (em grão)
3133808,Milho (em grão)
3133907,Milho (em grão)
3134004,Milho (em grão)
3134103,Milho (em grão)
3134202,Cana-de-açúcar
3134301,Milho (em grão)
3134400,Cana-de-açúcar
3134509,Milho (em grão)
3134608,Milho (em grão)
3134707,Mandioca
3134806,Soja (em grão)
3134905,Milho (em grão)
3135001,Feijão (em grão)
3135050,Cana-de-açúcar
3135076,Mandioca
3135100,Milho (em grão)
3135209,Milho (em grão)
3135308,Cana-de-açúcar
3135357,Milho (em grão)
3135407,Milho (em grão)
3135456,Milho (em grão)
3135506,Milho (em grão)
3135605,Milho (em grão)
3135704,Feijão (em grão)
3135803,Milho (em grão)
3135902,Milho (em grão)
3136009,Mandioca
3136108,Feijão (em grão)
3136207,Feijão (em grão)
3136306,Cana-de-açúcar
3136405,Milho (em grão)
3136504,Mandioca
3136520,Milho (em grão)
3136553,Milho (em grão)
3136579,Mandioca
3136603,Cana-de-açúcar
3136652,Milho (em grão)
3136702,Milho (em grão)
3136801,Milho (em grão)
3136900,Milho (em grão)
3136959,Milho (em grão)
3137007,Feijão (em grão)
3137106,Milho (em grão)
3137205,Cana-de-açúcar
3137304,Milho (em grão)
3137403,Milho (em grão)
3137502,Milho (em grão)
3137536,Milho (em grão)
3137601,Abacaxi*
3137700,Feijão (em grão)
3137809,Milho (em grão)
3137908,Milho (em grão)
3138005,Milho (em grão)
3138104,Soja (em grão)
3138203,Milho (em grão)
3138302,Milho (em grão)
3138351,Milho (em grão)
3138401,Milho (em grão)
3138500,Milho (em grão)
3138609,Feijão (em grão)
3138625,Cana-de-açúcar
3138658,Milho (em grão)
3138674,Milho (em grão)
3138682,Milho (em grão)
3138708,Soja (em grão)
3138807,Cana-de-açúcar
3138906,Mandioca
3139003,Soja (em grão)
3139102,Soja (em grão)
3139201,Feijão (em grão)
3139250,Milho (em grão)
3139300,Feijão (em grão)
3139409,Milho (em grão)
3139508,Milho (em grão)
3139607,Cana-de-açúcar
3139706,Milho (em grão)
3139805,Cana-de-açúcar
3139904,Batata-inglesa
3140001,Milho (em grão)
3140100,Milho (em grão)
3140159,Mandioca
3140209,Feijão (em grão)
3140308,Milho (em grão)
3140407,Feijão (em grão)
3140506,Soja (em grão)
3140530,Milho (em grão)
3140555,Feijão (em grão)
3140605,Milho (em grão)
3140704,Milho (em grão)
3140803,Cana-de-açúcar
3140852,Cana-de-açúcar
3140902,Milho (em grão)
3141009,Milho (em grão)
3141108,Soja (em grão)
3141207,Feijão (em grão)
3141306,Soja (em grão)
3141405,Mandioca
3141504,Milho (em grão)
3141603,Feijão (em grão)
3141702,Milho (em grão)
3141801,Milho (em grão)
3141900,Milho (em grão)
3142007,Mandioca
3142106,Feijão (em grão)
3142205,Milho (em grão)
3142254,Milho (em grão)
3142304,Milho (em grão)
3142403,Cana-de-açúcar
3142502,Milho (em grão)
3142601,Soja (em grão)
3142700,Milho (em grão)
3142809,Soja (em grão)
3142908,Milho (em grão)
3143005,Cana-de-açúcar
3143104,Soja (em grão)
3143153,Feijão (em grão)
3143203,Cana-de-açúcar
3143302,Milho (em grão)
3143401,Soja (em grão)
3143450,Feijão (em grão)
3143500,Milho (em grão)
3143609,Soja (em grão)
3143708,Milho (em grão)
3143807,Milho (em grão)
3143906,Feijão (em grão)
3144003,Milho (em grão)
3144102,Milho (em grão)
3144201,Milho (em grão)
3144300,Cana-de-açúcar
3144359,Feijão (em grão)
3144375,Milho (em grão)
3144409,Feijão (em grão)
3144508,Milho (em grão)
3144607,Milho (em grão)
3144656,Milho (em grão)
3144672,Feijão (em grão)
3144706,Cana-de-açúcar
3144805,Milho (em grão)
3144904,Feijão (em grão)
3145000,Soja (em grão)
3145059,Feijão (em grão)
3145109,Milho (em grão)
3145208,Milho (em grão)
3145307,Feijão (em grão)
3145356,Mandioca
3145372,Feijão (em grão)
3145406,Milho (em grão)
3145455,Cana-de-açúcar
3145505,Milho (em grão)
3145604,Milho (em grão)
3145703,Feijão (em grão)
3145802,Milho (em grão)
3145851,Cana-de-açúcar
3145877,Milho (em grão)
3145901,Milho (em grão)
3146008,Milho (em grão)
3146107,Milho (em grão)
3146206,Feijão (em grão)
3146255,Feijão (em grão)
3146305,Mandioca
3146404,Milho (em grão)
3146503,Soja (em grão)
3146552,Milho (em grão)
3146602,Feijão (em grão)
3146701,Milho (em grão)
3146750,Mandioca
3146909,Milho (em grão)
3147006,Soja (em grão)
3147105,Milho (em grão)
3147204,Milho (em grão)
3147303,Mandioca
3147402,Milho (em grão)
3147501,Feijão (em grão)
3147600,Milho (em grão)
3147709,Milho (em grão)
3147808,Mandioca
3147907,Soja (em grão)
3147956,Milho (em grão)
3148004,Soja (em grão)
3148103,Soja (em grão)
3148202,Milho (em grão)
3148301,Milho (em grão)
3148400,Feijão (em grão)
3148509,Mandioca
3148608,Cana-de-açúcar
3148707,Feijão (em grão)
3148756,Feijão (em grão)
3148806,Milho (em grão)
3148905,Milho (em grão)
3149002,Feijão (em grão)
3149101,Milho (em grão)
3149150,Milho (em grão)
3149200,Soja (em grão)
3149309,Feijão (em grão)
3149408,Feijão (em grão)
3149507,Milho (em grão)
3149606,Tomate
3149705,Mandioca
3149804,Soja (em grão)
3149903,Milho (em grão)
3149952,Cana-de-açúcar
3150000,Feijão (em grão)
3150109,Mandioca
3150158,Feijão (em grão)
3150208,Cana-de-açúcar
3150307,Milho (em grão)
3150406,Mandioca
3150505,Milho (em grão)
3150539,Milho (em grão)
3150570,Milho (em grão)
3150604,Milho (em grão)
3150703,Cana-de-açúcar
3150802,Milho (em grão)
3150901,Milho (em grão)
3151008,Mandioca
3151107,Milho (em grão)
3151206,Milho (em grão)
3151305,Milho (em grão)
3151404,Milho (em grão)
3151503,Milho (em grão)
3151602,Soja (em grão)
3151701,Milho (em grão)
3151800,Milho (em grão)
3151909,Milho (em grão)
3152006,Cana-de-açúcar
3152105,Cana-de-açúcar
3152131,Milho (em grão)
3152170,Mandioca
3152204,Milho (em grão)
3152303,Milho (em grão)
3152402,Milho (em grão)
3152501,Milho (em grão)
3152600,Milho (em grão)
3152709,Milho (em grão)
3152808,Soja (em grão)
3152907,Soja (em grão)
3153004,Milho (em grão)
3153103,Feijão (em grão)
3153202,Milho (em grão)
3153301,Cana-de-açúcar
3153400,Soja (em grão)
3153509,Feijão (em grão)
3153608,Milho (em grão)
3153707,Soja (em grão)
3153806,Feijão (em grão)
3153905,Pouca Expressão Agrícola
3154002,Feijão (em grão)
3154101,Milho (em grão)
3154150,Milho (em grão)
3154200,Milho (em grão)
3154309,Milho (em grão)
3154408,Milho (em grão)
3154457,Soja (em grão)
3154507,Milho (em grão)
3154606,Cana-de-açúcar
3154705,Milho (em grão)
3154804,Cana-de-açúcar
3154903,Milho (em grão)
3155009,Milho (em grão)
3155108,Feijão (em grão)
3155207,Milho (em grão)
3155306,Mandioca
3155405,Feijão (em grão)
3155504,Soja (em grão)
3155603,Mandioca
3155702,Milho (em grão)
3155801,Milho (em grão)
3155900,Milho (em grão)
3156007,Milho (em grão)
3156106,Milho (em grão)
3156205,Milho (em grão)
3156304,Milho (em grão)
3156403,Soja (em grão)
3156452,Feijão (em grão)
3156502,Mandioca
3156601,Mandioca
3156700,Cana-de-açúcar
3156809,Feijão (em grão)
3156908,Soja (em grão)
3157005,Milho (em grão)
3157104,Mandioca
3157203,Milho (em grão)
3157252,Milho (em grão)
3157278,Milho (em grão)
3157302,Milho (em grão)
3157336,Pouca Expressão Agrícola
3157377,Mandioca
3157401,Cana-de-açúcar
3157500,Feijão (em grão)
3157609,Milho (em grão)
3157658,Mandioca
3157708,Soja (em grão)
3157807,Cana-de-açúcar
3157906,Milho (em grão)
3158003,Milho (em grão)
3158102,Mandioca
3158201,Milho (em grão)
3158300,Soja (em grão)
3158409,Milho (em grão)
3158508,Milho (em grão)
3158607,Milho (em grão)
3158706,Soja (em grão)
3158805,Milho (em grão)
3158904,Milho (em grão)
3158953,Milho (em grão)
3159001,Milho (em grão)
3159100,Milho (em grão)
3159209,Milho (em grão)
3159308,Milho (em grão)
3159357,Feijão (em grão)
3159407,Milho (em grão)
3159506,Milho (em grão)
3159605,Milho (em grão)
3159704,Milho (em grão)
3159803,Cana-de-açúcar
3159902,Milho (em grão)
3160009,Milho (em grão)
3160108,Cana-de-açúcar
3160207,Milho (em grão)
3160306,Mandioca
3160405,Milho (em grão)
3160454,Cana-de-açúcar
3160504,Feijão (em grão)
3160603,Soja (em grão)
3160702,Milho (em grão)
3160801,Milho (em grão)
3160900,Feijão (em grão)
3160959,Milho (em grão)
3161007,Soja (em grão)
3161056,Cana-de-açúcar
3161106,Milho (em grão)
3161205,Milho (em grão)
3161304,Cana-de-açúcar
3161403,Milho (em grão)
3161502,Feijão (em grão)
3161601,Milho (em grão)
3161650,Milho (em grão)
3161700,Milho (em grão)
3161809,Milho (em grão)
3161908,Cana-de-açúcar
3162005,Soja (em grão)
3162104,Milho (em grão)
3162203,Milho (em grão)
3162252,Feijão (em grão)
3162302,Milho (em grão)
3162401,Milho (em grão)
3162450,Milho (em grão)
3162500,Milho (em grão)
3162559,Milho (em grão)
3162575,Feijão (em grão)
3162609,Milho (em grão)
3162658,Milho (em grão)
3162708,Feijão (em grão)
3162807,Feijão (em grão)
3162906,Milho (em grão)
3162922,Tomate
3162948,Soja (em grão)
3162955,Milho (em grão)
3163003,Milho (em grão)
3163102,Milho (em grão)
3163201,Soja (em grão)
3163300,Cana-de-açúcar
3163409,Cana-de-açúcar
3163508,Milho (em grão)
3163607,Feijão (em grão)
3163706,Milho (em grão)
3163805,Milho (em grão)
3163904,Soja (em grão)
3164001,Cana-de-açúcar
3164100,Milho (em grão)
3164209,Milho (em grão)
3164308,Soja (em grão)
3164407,Soja (em grão)
3164431,Feijão (em grão)
3164472,Milho (em grão)
3164506,Milho (em grão)
3164605,Milho (em grão)
3164704,Cana-de-açúcar
3164803,Feijão (em grão)
3164902,Milho (em grão)
3165008,Milho (em grão)
3165107,Cana-de-açúcar
3165206,Milho (em grão)
3165305,Soja (em grão)
3165404,Milho (em grão)
3165503,Milho (em grão)
3165537,Milho (em grão)
3165552,Milho (em grão)
3165560,Cana-de-açúcar
3165578,Batata-inglesa
3165602,Mandioca
3165701,Milho (em grão)
3165800,Milho (em grão)
3165909,Milho (em grão)
3166006,Milho (em grão)
3166105,Milho (em grão)
3166204,Milho (em grão)
3166303,Milho (em grão)
3166402,Milho (em grão)
3166501,Feijão (em grão)
3166600,Milho (em grão)
3166709,Cana-de-açúcar
3166808,Soja (em grão)
3166907,Milho (em grão)
3166956,Feijão (em grão)
3167004,Soja (em grão)
3167103,Milho (em grão)
3167202,Milho (em grão)
3167301,Feijão (em grão)
3167400,Milho (em grão)
3167509,Feijão (em grão)
3167608,Feijão (em grão)
3167707,Feijão (em grão)
3167806,Milho (em grão)
3167905,Milho (em grão)
3168002,Mandioca
3168051,Cana-de-açúcar
3168101,Soja (em grão)
3168200,Soja (em grão)
3168309,Cana-de-açúcar
3168408,Milho (em grão)
3168507,Milho (em grão)
3168606,Feijão (em grão)
3168705,Pouca Expressão Agrícola
3168804,Milho (em grão)
3168903,Milho (em grão)
3169000,Milho (em grão)
3169059,Milho (em grão)
3169109,Milho (em grão)
3169208,Milho (em grão)
3169307,Soja (em grão)
3169356,Soja (em grão)
3169406,Milho (em grão)
3169505,Milho (em grão)
3169604,Soja (em grão)
3169703,Cana-de-açúcar
3169802,Milho (em grão)
3169901,Feijão (em grão)
3170008,Cana-de-açúcar
3170057,Milho (em grão)
3170107,Cana-de-açúcar
3170206,Soja (em grão)
3170305,Mandioca
3170404,Soja (em grão)
3170438,Cana-de-açúcar
3170479,Soja (em grão)
3170503,Cana-de-açúcar
3170529,Soja (em grão)
3170578,Milho (em grão)
3170602,Milho (em grão)
3170651,Feijão (em grão)
3170701,Milho (em grão)
3170750,Milho (em grão)
3170800,Milho (em grão)
3170909,Milho (em grão)
3171006,Soja (em grão)
3171030,Milho (em grão)
3171071,Milho (em grão)
3171105,Cana-de-açúcar
3171154,Milho (em grão)
3171204,Milho (em grão)
3171303,Milho (em grão)
3171402,Milho (em grão)
3171501,Milho (em grão)
3171600,Milho (em grão)
3171709,Milho (em grão)
3171808,Feijão (em grão)
3171907,Milho (em grão)
3172004,Cana-de-açúcar
3172103,Mandioca
3172202,Feijão (em grão)
3200102,Milho (em grão)
3200136,Milho (em grão)
3200169,Feijão (em grão)
3200201,Feijão (em grão)
3200300,Milho (em grão)
3200359,Cana-de-açúcar
3200409,Mandioca
3200508,Milho (em grão)
3200607,Mandioca
3200706,Mandioca
3200805,Milho (em grão)
3200904,Milho (em grão)
3201001,Milho (em grão)
3201100,Mandioca
3201159,Milho (em grão)
3201209,Cana-de-açúcar
3201308,Mandioca
3201407,Milho (em grão)
3201506,Feijão (em grão)
3201605,Cana-de-açúcar
3201704,Feijão (em grão)
3201803,Milho (em grão)
3201902,Feijão (em grão)
3202009,Milho (em grão)
3202108,Cana-de-açúcar
3202207,Mandioca
3202256,Milho (em grão)
3202306,Milho (em grão)
3202405,Mandioca
3202454,Milho (em grão)
3202504,Cana-de-açúcar
3202553,Milho (em grão)
3202603,Cana-de-açúcar
3202652,Milho (em grão)
3202702,Cana-de-açúcar
3202801,Cana-de-açúcar
3202900,Feijão (em grão)
3203007,Milho (em grão)
3203056,Feijão (em grão)
3203106,Milho (em grão)
3203130,Mandioca
3203163,Milho (em grão)
3203205,Cana-de-açúcar
3203304,Milho (em grão)
3203320,Abacaxi*
3203346,Feijão (em grão)
3203353,Cana-de-açúcar
3203403,Milho (em grão)
3203502,Cana-de-açúcar
3203601,Milho (em grão)
3203700,Milho (em grão)
3203809,Milho (em grão)
3203908,Cana-de-açúcar
3204005,Feijão (em grão)
3204054,Cana-de-açúcar
3204104,Cana-de-açúcar
3204203,Mandioca
3204252,Mandioca
3204302,Cana-de-açúcar
3204351,Feijão (em grão)
3204401,Milho (em grão)
3204500,Mandioca
3204559,Milho (em grão)
3204609,Cana-de-açúcar
3204658,Mandioca
3204708,Milho (em grão)
3204807,Milho (em grão)
3204906,Cana-de-açúcar
3204955,Cana-de-açúcar
3205002,Mandioca
3205010,Mandioca
3205036,Milho (em grão)
3205069,Tomate
3205101,Mandioca
3205150,Mandioca
3205176,Feijão (em grão)
3205200,Cana-de-açúcar
3205309,Pouca Expressão Agrícola
3300100,Mandioca
3300159,Milho (em grão)
3300209,Cana-de-açúcar
3300225,Mandioca
3300233,Mandioca
3300308,Cana-de-açúcar
3300407,Milho (em grão)
3300456,Pouca Expressão Agrícola
3300506,Batata-doce
3300605,Milho (em grão)
3300704,Cana-de-açúcar
3300803,Mandioca
3300902,Tomate
3300936,Milho (em grão)
3300951,Mandioca
3301009,Cana-de-açúcar
3301108,Arroz (em casca)
3301157,Cana-de-açúcar
3301207,Mandioca
3301306,Mandioca
3301405,Mandioca
3301504,Milho (em grão)
3301603,Mandioca
3301702,Mandioca
3301801,Cana-de-açúcar
3301850,Mandioca
3301876,Mandioca
3301900,Mandioca
3302007,Cana-de-açúcar
3302056,Cana-de-açúcar
3302106,Mandioca
3302205,Tomate
3302254,Pouca Expressão Agrícola
3302270,Mandioca
3302304,Mandioca
3302403,Milho (em grão)
3302452,Mandioca
3302502,Mandioca
3302601,Mandioca
3302700,Mandioca
3302809,Mandioca
3302858,Pouca Expressão Agrícola
3302908,Tomate
3303005,Tomate
3303104,Feijão (em grão)
3303302,Mandioca
3303401,Tomate
3303500,Mandioca
3303609,Mandioca
3303708,Tomate
3303807,Cana-de-açúcar
3303856,Tomate
3303906,Tomate
3303955,Feijão (em grão)
3304003,Mandioca
3304102,Feijão (em grão)
3304110,Feijão (em grão)
3304128,Mandioca
3304144,Cana-de-açúcar
3304151,Cana-de-açúcar
3304201,Cana-de-açúcar
3304300,Mandioca
3304409,Feijão (em grão)
3304508,Feijão (em grão)
3304524,Mandioca
3304557,Mandioca
3304607,Mandioca
3304706,Milho (em grão)
3304755,Cana-de-açúcar
3304805,Cana-de-açúcar
3304904,Cana-de-açúcar
3305000,Abacaxi*
3305133,Tomate
3305158,Tomate
3305208,Cana-de-açúcar
3305307,Tomate
3305406,Tomate
3305505,Mandioca
3305554,Cana-de-açúcar
3305604,Mandioca
3305703,Tomate
3305752,Mandioca
3305802,Tomate
3305901,Mandioca
3306008,Cana-de-açúcar
3306107,Cana-de-açúcar
3306156,Milho (em grão)
3306206,Tomate
3306305,Milho (em grão)
3500105,Cana-de-açúcar
3500204,Cana-de-açúcar
3500303,Cana-de-açúcar
3500402,Soja (em grão)
3500501,Milho (em grão)
3500550,Soja (em grão)
3500600,Pouca Expressão Agrícola
3500709,Cana-de-açúcar
3500758,Soja (em grão)
3500808,Batata-doce
3500907,Cana-de-açúcar
3501004,Cana-de-açúcar
3501103,Cana-de-açúcar
3501152,Milho (em grão)
3501202,Cana-de-açúcar
3501301,Cana-de-açúcar
3501400,Milho (em grão)
3501509,Milho (em grão)
3501608,Cana-de-açúcar
3501707,Cana-de-açúcar
3501806,Cana-de-açúcar
3501905,Milho (em grão)
3502002,Cana-de-açúcar
3502101,Cana-de-açúcar
3502200,Milho (em grão)
3502309,Cana-de-açúcar
3502408,Cana-de-açúcar
3502507,Arroz (em casca)
3502606,Cana-de-açúcar
3502705,Milho (em grão)
3502754,Milho (em grão)
3502804,Cana-de-açúcar
3502903,Soja (em grão)
3503000,Cana-de-açúcar
3503109,Soja (em grão)
3503158,Cana-de-açúcar
3503208,Cana-de-açúcar
3503307,Cana-de-açúcar
3503356,Mandioca
3503406,Cana-de-açúcar
3503505,Milho (em grão)
3503604,Cana-de-açúcar
3503703,Cana-de-açúcar
3503802,Cana-de-açúcar
3503901,Pouca Expressão Agrícola
3503950,Cana-de-açúcar
3504008,Cana-de-açúcar
3504107,Soja (em grão)
3504206,Cana-de-açúcar
3504305,Cana-de-açúcar
3504404,Cana-de-açúcar
3504503,Soja (em grão)
3504602,Cana-de-açúcar
3504701,Cana-de-açúcar
3504800,Cana-de-açúcar
3504909,Milho (em grão)
3505005,Soja (em grão)
3505104,Cana-de-açúcar
3505203,Cana-de-açúcar
3505302,Cana-de-açúcar
3505351,Tomate
3505401,Milho (em grão)
3505500,Cana-de-açúcar
3505609,Cana-de-açúcar
3505708,Pouca Expressão Agrícola
3505807,Cana-de-açúcar
3505906,Cana-de-açúcar
3506003,Cana-de-açúcar
3506102,Cana-de-açúcar
3506201,Cana-de-açúcar
3506300,Soja (em grão)
3506359,Pouca Expressão Agrícola
3506409,Cana-de-açúcar
3506508,Soja (em grão)
3506607,Mandioca
3506706,Cana-de-açúcar
3506805,Cana-de-açúcar
3506904,Mandioca
3507001,Cana-de-açúcar
3507100,Milho (em grão)
3507159,Milho (em grão)
3507209,Cana-de-açúcar
3507308,Cana-de-açúcar
3507407,Cana-de-açúcar
3507456,Cana-de-açúcar
3507506,Cana-de-açúcar
3507605,Soja (em grão)
3507704,Cana-de-açúcar
3507753,Cana-de-açúcar
3507803,Cana-de-açúcar
3507902,Cana-de-açúcar
3508009,Soja (em grão)
3508108,Cana-de-açúcar
3508207,Cana-de-açúcar
3508306,Soja (em grão)
3508405,Milho (em grão)
3508504,Cana-de-açúcar
3508603,Arroz (em casca)
3508702,Soja (em grão)
3508801,Cana-de-açúcar
3508900,Cana-de-açúcar
3509007,Cana-de-açúcar
3509106,Cana-de-açúcar
3509205,Pouca Expressão Agrícola
3509254,Milho (em grão)
3509304,Cana-de-açúcar
3509403,Cana-de-açúcar
3509452,Milho (em grão)
3509502,Cana-de-açúcar
3509601,Pouca Expressão Agrícola
3509700,Pouca Expressão Agrícola
3509809,Soja (em grão)
3509908,Mandioca
3509957,Arroz (em casca)
3510005,Soja (em grão)
3510104,Cana-de-açúcar
3510153,Cana-de-açúcar
3510203,Soja (em grão)
3510302,Milho (em grão)
3510401,Cana-de-açúcar
3510500,Mandioca
3510609,Pouca Expressão Agrícola
3510708,Cana-de-açúcar
3510807,Cana-de-açúcar
3510906,Cana-de-açúcar
3511003,Cana-de-açúcar
3511102,Cana-de-açúcar
3511201,Cana-de-açúcar
3511300,Cana-de-açúcar
3511409,Soja (em grão)
3511508,Cana-de-açúcar
3511607,Cana-de-açúcar
3511706,Cana-de-açúcar
3511904,Cana-de-açúcar
3512001,Cana-de-açúcar
3512100,Cana-de-açúcar
3512209,Soja (em grão)
3512308,Cana-de-açúcar
3512407,Cana-de-açúcar
3512506,Cana-de-açúcar
3512605,Soja (em grão)
3512704,Cana-de-açúcar
3512803,Cana-de-açúcar
3512902,Cana-de-açúcar
3513009,Pouca Expressão Agrícola
3513108,Cana-de-açúcar
3513207,Cana-de-açúcar
3513306,Milho (em grão)
3513405,Milho (em grão)
3513504,Pouca Expressão Agrícola
3513603,Milho (em grão)
3513702,Cana-de-açúcar
3513850,Cana-de-açúcar
3513900,Batata-inglesa
3514007,Cana-de-açúcar
3514106,Cana-de-açúcar
3514205,Cana-de-açúcar
3514304,Cana-de-açúcar
3514403,Cana-de-açúcar
3514502,Mandioca
3514601,Cana-de-açúcar
3514700,Amendoim (em casca)
3514809,Milho (em grão)
3514908,Cana-de-açúcar
3514924,Cana-de-açúcar
3514957,Cana-de-açúcar
3515004,Pouca Expressão Agrícola
3515103,Pouca Expressão Agrícola
3515129,Cana-de-açúcar
3515152,Cana-de-açúcar
3515186,Cana-de-açúcar
3515194,Cana-de-açúcar
3515202,Cana-de-açúcar
3515301,Cana-de-açúcar
3515350,Cana-de-açúcar
3515400,Soja (em grão)
3515509,Cana-de-açúcar
3515608,Cana-de-açúcar
3515657,Soja (em grão)
3515707,Pouca Expressão Agrícola
3515806,Cana-de-açúcar
3515905,Cana-de-açúcar
3516002,Cana-de-açúcar
3516101,Cana-de-açúcar
3516200,Cana-de-açúcar
3516309,Pouca Expressão Agrícola
3516408,Pouca Expressão Agrícola
3516507,Cana-de-açúcar
3516606,Milho (em grão)
3516705,Mandioca
3516804,Cana-de-açúcar
3516853,Cana-de-açúcar
3516903,Cana-de-açúcar
3517000,Cana-de-açúcar
3517109,Cana-de-açúcar
3517208,Cana-de-açúcar
3517307,Cana-de-açúcar
3517406,Cana-de-açúcar
3517505,Cana-de-açúcar
3517604,Soja (em grão)
3517703,Cana-de-açúcar
3517802,Cana-de-açúcar
3517901,Cana-de-açúcar
3518008,Cana-de-açúcar
3518107,Cana-de-açúcar
3518206,Cana-de-açúcar
3518305,Mandioca
3518404,Soja (em grão)
3518503,Milho (em grão)
3518602,Cana-de-açúcar
3518701,Pouca Expressão Agrícola
3518800,Pouca Expressão Agrícola
3518859,Cana-de-açúcar
3518909,Cana-de-açúcar
3519006,Cana-de-açúcar
3519055,Soja (em grão)
3519071,Pouca Expressão Agrícola
3519105,Cana-de-açúcar
3519204,Amendoim (em casca)
3519253,Milho (em grão)
3519303,Cana-de-açúcar
3519402,Cana-de-açúcar
3519501,Soja (em grão)
3519600,Cana-de-açúcar
3519709,Milho (em grão)
3519808,Cana-de-açúcar
3519907,Soja (em grão)
3520004,Cana-de-açúcar
3520103,Cana-de-açúcar
3520202,Mandioca
3520301,Arroz (em casca)
3520400,Mandioca
3520442,Cana-de-açúcar
3520509,Cana-de-açúcar
3520608,Mandioca
3520707,Cana-de-açúcar
3520806,Cana-de-açúcar
3520905,Cana-de-açúcar
3521002,Cana-de-açúcar
3521101,Cana-de-açúcar
3521150,Cana-de-açúcar
3521200,Milho (em grão)
3521309,Cana-de-açúcar
3521408,Cana-de-açúcar
3521507,Cana-de-açúcar
3521606,Cana-de-açúcar
3521705,Soja (em grão)
3521804,Soja (em grão)
3521903,Cana-de-açúcar
3522000,Cana-de-açúcar
3522109,Mandioca
3522158,Feijão (em grão)
3522208,Pouca Expressão Agrícola
3522307,Soja (em grão)
3522406,Soja (em grão)
3522505,Pouca Expressão Agrícola
3522604,Soja (em grão)
3522653,Milho (em grão)
3522703,Cana-de-açúcar
3522802,Soja (em grão)
3522901,Cana-de-açúcar
3523008,Cana-de-açúcar
3523107,Pouca Expressão Agrícola
3523206,Soja (em grão)
3523305,Mandioca
3523404,Milho (em grão)
3523503,Cana-de-açúcar
3523602,Cana-de-açúcar
3523701,Cana-de-açúcar
3523800,Milho (em grão)
3523909,Cana-de-açúcar
3524006,Milho (em grão)
3524105,Cana-de-açúcar
3524204,Cana-de-açúcar
3524303,Cana-de-açúcar
3524402,Cana-de-açúcar
3524501,Cana-de-açúcar
3524600,Milho (em grão)
3524709,Cana-de-açúcar
3524808,Cana-de-açúcar
3524907,Feijão (em grão)
3525003,Pouca Expressão Agrícola
3525102,Cana-de-açúcar
3525201,Milho (em grão)
3525300,Cana-de-açúcar
3525409,Cana-de-açúcar
3525508,Milho (em grão)
3525607,Cana-de-açúcar
3525706,Cana-de-açúcar
3525805,Amendoim (em casca)
3525854,Cana-de-açúcar
3525904,Milho (em grão)
3526001,Cana-de-açúcar
3526100,Mandioca
3526209,Pouca Expressão Agrícola
3526308,Milho (em grão)
3526407,Cana-de-açúcar
3526506,Cana-de-açúcar
3526605,Feijão (em grão)
3526704,Cana-de-açúcar
3526803,Cana-de-açúcar
3526902,Cana-de-açúcar
3527009,Milho (em grão)
3527108,Cana-de-açúcar
3527207,Arroz (em casca)
3527256,Cana-de-açúcar
3527306,Milho (em grão)
3527405,Cana-de-açúcar
3527504,Soja (em grão)
3527603,Cana-de-açúcar
3527702,Cana-de-açúcar
3527801,Soja (em grão)
3527900,Cana-de-açúcar
3528007,Cana-de-açúcar
3528106,Cana-de-açúcar
3528205,Cana-de-açúcar
3528304,Cana-de-açúcar
3528403,Milho (em grão)
3528502,Pouca Expressão Agrícola
3528601,Cana-de-açúcar
3528700,Cana-de-açúcar
3528809,Soja (em grão)
3528858,Cana-de-açúcar
3528908,Cana-de-açúcar
3529005,Amendoim (em casca)
3529104,Cana-de-açúcar
3529203,Cana-de-açúcar
3529302,Cana-de-açúcar
3529401,Pouca Expressão Agrícola
3529500,Cana-de-açúcar
3529609,Cana-de-açúcar
3529658,Cana-de-açúcar
3529708,Cana-de-açúcar
3529807,Cana-de-açúcar
3529906,Mandioca
3530003,Cana-de-açúcar
3530102,Cana-de-açúcar
3530201,Cana-de-açúcar
3530300,Cana-de-açúcar
3530409,Cana-de-açúcar
3530508,Cana-de-açúcar
3530607,Mandioca
3530706,Cana-de-açúcar
3530805,Cana-de-açúcar
3530904,Cana-de-açúcar
3531001,Cana-de-açúcar
3531100,Pouca Expressão Agrícola
3531209,Milho (em grão)
3531308,Cana-de-açúcar
3531407,Cana-de-açúcar
3531506,Cana-de-açúcar
3531605,Cana-de-açúcar
3531704,Pouca Expressão Agrícola
3531803,Cana-de-açúcar
3531902,Cana-de-açúcar
3532009,Milho (em grão)
3532058,Cana-de-açúcar
3532108,Cana-de-açúcar
3532157,Soja (em grão)
3532207,Cana-de-açúcar
3532306,Feijão (em grão)
3532405,Milho (em grão)
3532504,Cana-de-açúcar
3532603,Cana-de-açúcar
3532702,Cana-de-açúcar
3532801,Cana-de-açúcar
3532827,Milho (em grão)
3532843,Cana-de-açúcar
3532868,Cana-de-açúcar
3532900,Cana-de-açúcar
3533007,Cana-de-açúcar
3533106,Cana-de-açúcar
3533205,Cana-de-açúcar
3533254,Cana-de-açúcar
3533304,Cana-de-açúcar
3533403,Milho (em grão)
3533502,Cana-de-açúcar
3533601,Cana-de-açúcar
3533700,Cana-de-açúcar
3533809,Soja (em grão)
3533908,Cana-de-açúcar
3534005,Cana-de-açúcar
3534104,Amendoim (em casca)
3534203,Cana-de-açúcar
3534302,Cana-de-açúcar
3534401,Pouca Expressão Agrícola
3534500,Amendoim (em casca)
3534609,Cana-de-açúcar
3534708,Cana-de-açúcar
3534757,Cana-de-açúcar
3534807,Cana-de-açúcar
3534906,Cana-de-açúcar
3535002,Cana-de-açúcar
3535101,Cana-de-açúcar
3535200,Soja (em grão)
3535309,Soja (em grão)
3535408,Cana-de-açúcar
3535507,Cana-de-açúcar
3535606,Feijão (em grão)
3535705,Cana-de-açúcar
3535804,Soja (em grão)
3535903,Cana-de-açúcar
3536000,Cana-de-açúcar
3536109,Trigo (em grão)
3536208,Milho (em grão)
3536257,Cana-de-açúcar
3536307,Cana-de-açúcar
3536406,Cana-de-açúcar
3536505,Cana-de-açúcar
3536570,Soja (em grão)
3536604,Cana-de-açúcar
3536703,Cana-de-açúcar
3536802,Soja (em grão)
3536901,Cana-de-açúcar
3537008,Cana-de-açúcar
3537107,Milho (em grão)
3537156,Milho (em grão)
3537206,Mandioca
3537305,Cana-de-açúcar
3537404,Cana-de-açúcar
3537503,Cana-de-açúcar
3537602,Mandioca
3537701,Cana-de-açúcar
3537800,Milho (em grão)
3537909,Soja (em grão)
3538006,Milho (em grão)
3538105,Cana-de-açúcar
3538204,Soja (em grão)
3538303,Cana-de-açúcar
3538501,Milho (em grão)
3538600,Milho (em grão)
3538709,Cana-de-açúcar
3538808,Soja (em grão)
3538907,Cana-de-açúcar
3539004,Cana-de-açúcar
3539103,Pouca Expressão Agrícola
3539202,Cana-de-açúcar
3539301,Cana-de-açúcar
3539400,Cana-de-açúcar
3539509,Cana-de-açúcar
3539608,Cana-de-açúcar
3539707,Milho (em grão)
3539806,Pouca Expressão Agrícola
3539905,Cana-de-açúcar
3540002,Amendoim (em casca)
3540101,Cana-de-açúcar
3540200,Cana-de-açúcar
3540259,Cana-de-açúcar
3540309,Cana-de-açúcar
3540408,Cana-de-açúcar
3540507,Cana-de-açúcar
3540606,Cana-de-açúcar
3540705,Cana-de-açúcar
3540754,Soja (em grão)
3540804,Cana-de-açúcar
3540853,Cana-de-açúcar
3540903,Cana-de-açúcar
3541000,Pouca Expressão Agrícola
3541059,Cana-de-açúcar
3541109,Cana-de-açúcar
3541208,Cana-de-açúcar
3541307,Cana-de-açúcar
3541406,Cana-de-açúcar
3541505,Cana-de-açúcar
3541604,Cana-de-açúcar
3541653,Cana-de-açúcar
3541703,Cana-de-açúcar
3541802,Cana-de-açúcar
3541901,Cana-de-açúcar
3542008,Amendoim (em casca)
3542107,Cana-de-açúcar
3542206,Cana-de-açúcar
3542305,Tomate
3542404,Cana-de-açúcar
3542503,Cana-de-açúcar
3542602,Arroz (em casca)
3542701,Cana-de-açúcar
3542800,Cana-de-açúcar
3542909,Cana-de-açúcar
3543006,Milho (em grão)
3543105,Cana-de-açúcar
3543204,Soja (em grão)
3543238,Cana-de-açúcar
3543253,Milho (em grão)
3543303,Pouca Expressão Agrícola
3543402,Cana-de-açúcar
3543501,Soja (em grão)
3543600,Cana-de-açúcar
3543709,Cana-de-açúcar
3543808,Cana-de-açúcar
3543907,Cana-de-açúcar
3544004,Cana-de-açúcar
3544103,Pouca Expressão Agrícola
3544202,Cana-de-açúcar
3544251,Soja (em grão)
3544301,Arroz (em casca)
3544400,Cana-de-açúcar
3544509,Cana-de-açúcar
3544608,Cana-de-açúcar
3544707,Cana-de-açúcar
3544806,Cana-de-açúcar
3544905,Cana-de-açúcar
3545001,Mandioca
3545100,Cana-de-açúcar
3545159,Cana-de-açúcar
3545209,Cana-de-açúcar
3545308,Soja (em grão)
3545407,Soja (em grão)
3545506,Cana-de-açúcar
3545605,Cana-de-açúcar
3545704,Cana-de-açúcar
3545803,Cana-de-açúcar
3546009,Feijão (em grão)
3546108,Soja (em grão)
3546207,Cana-de-açúcar
3546256,Cana-de-açúcar
3546306,Cana-de-açúcar
3546405,Soja (em grão)
3546504,Cana-de-açúcar
3546603,Cana-de-açúcar
3546702,Cana-de-açúcar
3546801,Mandioca
3546900,Cana-de-açúcar
3547007,Cana-de-açúcar
3547106,Cana-de-açúcar
3547205,Cana-de-açúcar
3547304,Pouca Expressão Agrícola
3547403,Cana-de-açúcar
3547502,Cana-de-açúcar
3547601,Cana-de-açúcar
3547650,Cana-de-açúcar
3547700,Soja (em grão)
3547809,Pouca Expressão Agrícola
3547908,Cana-de-açúcar
3548005,Cana-de-açúcar
3548054,Cana-de-açúcar
3548104,Soja (em grão)
3548203,Tomate
3548302,Cana-de-açúcar
3548401,Cana-de-açúcar
3548500,Pouca Expressão Agrícola
3548609,Milho (em grão)
3548708,Pouca Expressão Agrícola
3548906,Cana-de-açúcar
3549003,Cana-de-açúcar
3549102,Cana-de-açúcar
3549201,Cana-de-açúcar
3549250,Cana-de-açúcar
3549300,Cana-de-açúcar
3549409,Cana-de-açúcar
3549508,Cana-de-açúcar
3549607,Milho (em grão)
3549706,Soja (em grão)
3549805,Cana-de-açúcar
3549904,Mandioca
3549953,Pouca Expressão Agrícola
3550001,Milho (em grão)
3550100,Cana-de-açúcar
3550209,Soja (em grão)
3550308,Milho (em grão)
3550407,Cana-de-açúcar
3550506,Soja (em grão)
3550605,Milho (em grão)
3550704,Mandioca
3550803,Soja (em grão)
3550902,Cana-de-açúcar
3551009,Pouca Expressão Agrícola
3551108,Soja (em grão)
3551207,Soja (em grão)
3551306,Cana-de-açúcar
3551405,Cana-de-açúcar
3551504,Cana-de-açúcar
3551603,Milho (em grão)
3551702,Cana-de-açúcar
3551801,Arroz (em casca)
3551900,Cana-de-açúcar
3552007,Milho (em grão)
3552106,Milho (em grão)
3552205,Cana-de-açúcar
3552304,Cana-de-açúcar
3552403,Cana-de-açúcar
3552502,Batata-doce
3552551,Cana-de-açúcar
3552601,Cana-de-açúcar
3552700,Cana-de-açúcar
3552809,Pouca Expressão Agrícola
3552908,Cana-de-açúcar
3553005,Milho (em grão)
3553104,Cana-de-açúcar
3553203,Cana-de-açúcar
3553302,Cana-de-açúcar
3553401,Cana-de-açúcar
3553500,Batata-doce
3553609,Cana-de-açúcar
3553658,Cana-de-açúcar
3553708,Cana-de-açúcar
3553807,Soja (em grão)
3553856,Soja (em grão)
3553906,Cana-de-açúcar
3553955,Cana-de-açúcar
3554003,Cana-de-açúcar
3554102,Soja (em grão)
3554201,Soja (em grão)
3554300,Cana-de-açúcar
3554409,Cana-de-açúcar
3554508,Cana-de-açúcar
3554607,Soja (em grão)
3554656,Melancia
3554706,Cana-de-açúcar
3554755,Cana-de-açúcar
3554805,Soja (em grão)
3554904,Cana-de-açúcar
3554953,Milho (em grão)
3555000,Amendoim (em casca)
3555109,Cana-de-açúcar
3555208,Cana-de-açúcar
3555307,Cana-de-açúcar
3555356,Cana-de-açúcar
3555406,Mandioca
3555505,Soja (em grão)
3555604,Cana-de-açúcar
3555703,Cana-de-açúcar
3555802,Cana-de-açúcar
3555901,Cana-de-açúcar
3556008,Cana-de-açúcar
3556107,Cana-de-açúcar
3556206,Milho (em grão)
3556305,Cana-de-açúcar
3556354,Milho (em grão)
3556404,Cana-de-açúcar
3556453,Pouca Expressão Agrícola
3556503,Pouca Expressão Agrícola
3556602,Amendoim (em casca)
3556701,Milho (em grão)
3556800,Cana-de-açúcar
3556909,Cana-de-açúcar
3556958,Cana-de-açúcar
3557006,Milho (em grão)
3557105,Cana-de-açúcar
3557154,Cana-de-açúcar
3557204,Cana-de-açúcar
3557303,Cana-de-açúcar
