CD_MUN,CNAE_Predominante
3109451,Produtos de Metal
3138674,Alimentos
3157336,Móveis
3162922,Produtos de Metal
3203320,Alimentos
3204955,Alimentos
3301876,Alimentos
3304110,Alimentos
3305752,Alimentos
3516853,Alimentos
3525854,Alimentos
3541059,Alimentos
3302858,Alimentos
3162955,Produtos de Metal
3158953,Produtos de Metal
3301850,Alimentos
3300159,Vestuário
3304128,Alimentos
3300225,Vestuário
3203346,Alimentos
3520442,Manutenção
3519071,Alimentos
3506359,Alimentos
3509254,Alimentos
3502754,Alimentos
3101508,Alimentos
3101607,Alimentos
3101904,Alimentos
3102605,Alimentos
3103405,Alimentos
3103504,Produtos de Metal
3103900,Couro e Calçados
3104007,Alimentos
3104205,Produtos de Metal
3104601,Vestuário
3104908,Madeira
3105301,Vestuário
3105400,Alimentos
3105608,Alimentos
3105905,Produtos de Metal
3106200,Alimentos
3106309,Alimentos
3106705,Produtos de Metal
3106903,Vestuário
3107406,Alimentos
3107703,Alimentos
3108404,Alimentos
3109006,Alimentos
3109303,Produtos de Metal
3109402,Alimentos
3109709,Alimentos
3110004,Alimentos
3110301,Alimentos
3110608,Alimentos
3110707,Alimentos
3111200,Vestuário
3112307,Alimentos
3112604,Produtos de Metal
3113008,Alimentos
3113206,Alimentos
3113305,Alimentos
3113404,Alimentos
3113602,Alimentos
3113909,Alimentos
3114006,Alimentos
3114204,Móveis
3114303,Alimentos
3114402,Têxtil
3114501,Vestuário
3114709,Vestuário
3114808,Alimentos
3115102,Alimentos
3115300,Vestuário
3116605,Produtos de Metal
3116704,Alimentos
3117504,Alimentos
3117702,Alimentos
3117801,Minerais Não Metálicos
3118304,Alimentos
3118601,Alimentos
3119104,Produtos Diversos
3119203,Alimentos
3119302,Alimentos
3119401,Vestuário
3120201,Vestuário
3120805,Móveis
3120904,Alimentos
3121902,Móveis
3122306,Vestuário
3122900,Vestuário
3123007,Couro e Calçados
3123304,Alimentos
3123601,Alimentos
3123700,Minerais Não Metálicos
3123908,Alimentos
3124104,Alimentos
3125101,Alimentos
3125309,Alimentos
3126000,Alimentos
3126109,Vestuário
3127107,Alimentos
3127404,Alimentos
3127701,Alimentos
3128303,Têxtil
3128709,Couro e Calçados
3128808,Móveis
3129004,Móveis
3129509,Alimentos
3129806,Vestuário
3130101,Produtos de Metal
3130200,Minerais Não Metálicos
3130408,Alimentos
3130606,Vestuário
3130903,Alimentos
3131307,Vestuário
3131703,Alimentos
3131901,Alimentos
3132107,Alimentos
3132206,Alimentos
3132404,Alimentos
3132503,Alimentos
3132701,Alimentos
3133006,Alimentos
3133105,Alimentos
3133501,Vestuário
3133808,Vestuário
3134202,Alimentos
3134608,Alimentos
3134806,Alimentos
3134905,Vestuário
3135100,Alimentos
3135506,Alimentos
3136207,Produtos de Metal
3136702,Alimentos
3136900,Vestuário
3137205,Vestuário
3137502,Alimentos
3137601,Alimentos
3137809,Produtos de Metal
3138203,Alimentos
3138401,Vestuário
3138807,Alimentos
3139409,Alimentos
3139805,Vestuário
3140902,Alimentos
3141207,Alimentos
3142106,Alimentos
3142205,Alimentos
3142809,Alimentos
3143104,Alimentos
3143203,Alimentos
3143302,Alimentos
3143401,Vestuário
3143906,Vestuário
3144300,Alimentos
3144706,Alimentos
3145208,Couro e Calçados
3145604,Alimentos
3146008,Vestuário
3146107,Minerais Não Metálicos
3146305,Alimentos
3146404,Alimentos
3146503,Vestuário
3146909,Minerais Não Metálicos
3147105,Manutenção
3147204,Vestuário
3147402,Alimentos
3147600,Alimentos
3147907,Vestuário
3148004,Alimentos
3148103,Manutenção
3148608,Alimentos
3149309,Produtos de Metal
3149804,Alimentos
3150109,Alimentos
3150505,Alimentos
3151107,Vestuário
3151503,Alimentos
3151701,Alimentos
3151800,Alimentos
3152006,Produtos de Metal
3152105,Alimentos
3152501,Alimentos
3152600,Alimentos
3152709,Madeira
3152907,Produtos de Metal
3153103,Bebidas
3153608,Produtos de Metal
3154200,Têxtil
3154309,Alimentos
3154408,Alimentos
3154606,Vestuário
3154705,Alimentos
3155009,Alimentos
3155405,Vestuário
3155801,Vestuário
3156304,Móveis
3156700,Alimentos
3157005,Alimentos
3157807,Alimentos
3158300,Vestuário
3159209,Alimentos
3159407,Alimentos
3159605,Equipamentos de Informática
3160405,Alimentos
3161502,Vestuário
3161908,Alimentos
3162005,Alimentos
3162203,Produtos Diversos
3162500,Alimentos
3162708,Alimentos
3163102,Alimentos
3163706,Alimentos
3164704,Vestuário
3165305,Alimentos
3165404,Alimentos
3166808,Alimentos
3167202,Alimentos
3167806,Madeira
3168002,Vestuário
3168606,Produtos Diversos
3168804,Móveis
3168903,Alimentos
3169000,Vestuário
3169307,Alimentos
3169406,Alimentos
3169901,Móveis
3170107,Alimentos
3170206,Alimentos
3170404,Manutenção
3170503,Alimentos
3170701,Alimentos
3171204,Alimentos
3171303,Alimentos
3172004,Vestuário
3200102,Alimentos
3200300,Alimentos
3200607,Manutenção
3200805,Alimentos
3201001,Alimentos
3201209,Minerais Não Metálicos
3201308,Produtos de Metal
3201506,Vestuário
3201704,Alimentos
3202108,Alimentos
3202306,Alimentos
3202405,Alimentos
3202603,Alimentos
3202801,Alimentos
3203205,Alimentos
3203908,Alimentos
3204005,Alimentos
3204609,Alimentos
3204708,Vestuário
3204906,Alimentos
3205002,Alimentos
3205101,Alimentos
3205200,Alimentos
3205309,Alimentos
3203353,Vestuário
3203056,Produtos de Metal
3204559,Alimentos
3133758,Vestuário
3300100,Manutenção
3300308,Alimentos
3300407,Alimentos
3300506,Vestuário
3300704,Alimentos
3300803,Alimentos
3301009,Alimentos
3301207,Alimentos
3301306,Alimentos
3301405,Alimentos
3301603,Vestuário
3301702,Alimentos
3301801,Alimentos
3301900,Alimentos
3302007,Alimentos
3302205,Vestuário
3302403,Manutenção
3302502,Alimentos
3302700,Alimentos
3303302,Alimentos
3303401,Vestuário
3303500,Alimentos
3303609,Alimentos
3303906,Vestuário
3304003,Alimentos
3304102,Alimentos
3304201,Alimentos
3304300,Alimentos
3304508,Vestuário
3304706,Minerais Não Metálicos
3304805,Alimentos
3304904,Alimentos
3305109,Alimentos
3305208,Alimentos
3305802,Vestuário
3306008,Alimentos
3306107,Alimentos
3306206,Alimentos
3306305,Alimentos
3304557,Alimentos
3303856,Alimentos
3500303,Vestuário
3500501,Vestuário
3500709,Vestuário
3501004,Alimentos
3501509,Alimentos
3501608,Vestuário
3501707,Produtos de Metal
3501905,Vestuário
3502101,Alimentos
3502200,Vestuário
3502507,Produtos Diversos
3502804,Alimentos
3503208,Alimentos
3503307,Manutenção
3503406,Vestuário
3503802,Manutenção
3503901,Manutenção
3504008,Alimentos
3504107,Alimentos
3504206,Vestuário
3504404,Alimentos
3504503,Vestuário
3504602,Vestuário
3505203,Alimentos
3505302,Alimentos
3505500,Alimentos
3505708,Manutenção
3505906,Produtos de Metal
3506003,Alimentos
3506102,Alimentos
3506409,Couro e Calçados
3506508,Couro e Calçados
3506805,Couro e Calçados
3507001,Produtos de Metal
3507100,Vestuário
3507308,Alimentos
3507407,Têxtil
3507506,Produtos de Metal
3507605,Produtos de Metal
3507803,Vestuário
3507902,Manutenção
3508108,Produtos de Metal
3508306,Produtos de Metal
3508504,Produtos de Metal
3508603,Alimentos
3508702,Vestuário
3508801,Vestuário
3509007,Manutenção
3509205,Manutenção
3509502,Alimentos
3509601,Manutenção
3509700,Alimentos
3510005,Alimentos
3510401,Vestuário
3510609,Alimentos
3510807,Manutenção
3511102,Alimentos
3511300,Produtos de Metal
3511409,Alimentos
3511508,Vestuário
3511607,Vestuário
3511706,Manutenção
3557204,Produtos de Metal
3512308,Vestuário
3512407,Manutenção
3513009,Alimentos
3513405,Alimentos
3513702,Manutenção
3513801,Produtos de Metal
3514007,Manutenção
3514106,Alimentos
3514304,Alimentos
3514403,Alimentos
3514601,Alimentos
3514700,Alimentos
3514908,Produtos de Metal
3515004,Alimentos
3515103,Alimentos
3515608,Alimentos
3515707,Vestuário
3516200,Couro e Calçados
3516309,Vestuário
3516408,Alimentos
3516606,Alimentos
3516705,Produtos de Metal
3517406,Manutenção
3517604,Vestuário
3518206,Alimentos
3518305,Produtos de Metal
3518701,Manutenção
3518800,Vestuário
3519105,Produtos de Metal
3519303,Manutenção
3519402,Vestuário
3519600,Têxtil
3519709,Alimentos
3519808,Produtos de Metal
3520103,Alimentos
3520301,Alimentos
3520509,Manutenção
3520806,Vestuário
3520905,Vestuário
3521200,Alimentos
3522109,Alimentos
3522208,Alimentos
3522307,Vestuário
3522406,Alimentos
3522604,Alimentos
3522703,Vestuário
3522901,Vestuário
3523107,Vestuário
3523206,Alimentos
3523404,Manutenção
3523503,Produtos de Metal
3523701,Couro e Calçados
3523909,Produtos de Metal
3524105,Alimentos
3524303,Manutenção
3524402,Manutenção
3524501,Móveis
3524709,Manutenção
3524808,Alimentos
3525003,Alimentos
3525102,Vestuário
3525300,Couro e Calçados
3525706,Vestuário
3525904,Manutenção
3526209,Alimentos
3526407,Produtos de Metal
3526704,Manutenção
3526803,Manutenção
3526902,Produtos de Metal
3527108,Alimentos
3527207,Alimentos
3527405,Alimentos
3527603,Alimentos
3528007,Vestuário
3528403,Vestuário
3528502,Manutenção
3528601,Vestuário
3528700,Vestuário
3529005,Alimentos
3529302,Produtos de Metal
3529401,Manutenção
3529500,Vestuário
3529708,Alimentos
3530300,Vestuário
3530508,Produtos de Metal
3530607,Alimentos
3530706,Manutenção
3530805,Manutenção
3531209,Alimentos
3531308,Produtos de Metal
3531407,Vestuário
3531506,Manutenção
3531704,Alimentos
3531803,Produtos de Metal
3532603,Alimentos
3532702,Alimentos
3533403,Manutenção
3533502,Alimentos
3533908,Alimentos
3534104,Produtos de Metal
3534302,Vestuário
3534401,Alimentos
3534609,Vestuário
3534708,Alimentos
3534906,Alimentos
3535408,Minerais Não Metálicos
3535507,Alimentos
3535705,Produtos de Metal
3536505,Manutenção
3536703,Produtos de Metal
3537008,Couro e Calçados
3537107,Minerais Não Metálicos
3537305,Produtos de Metal
3537404,Alimentos
3537800,Produtos de Metal
3537909,Vestuário
3538006,Manutenção
3515186,Manutenção
3538204,Vestuário
3538600,Alimentos
3538709,Manutenção
3538808,Vestuário
3539103,Produtos de Metal
3539301,Alimentos
3539806,Vestuário
3540606,Vestuário
3540705,Minerais Não Metálicos
3540804,Vestuário
3540903,Manutenção
3541000,Alimentos
3541406,Alimentos
3542107,Vestuário
3542206,Alimentos
3542602,Alimentos
3543303,Produtos de Metal
3543402,Alimentos
3543501,Vestuário
3543600,Alimentos
3543907,Produtos de Metal
3544004,Vestuário
3544103,Alimentos
3544608,Alimentos
3544905,Fumo
3545209,Manutenção
3545407,Produtos de Metal
3545803,Vestuário
3546009,Manutenção
3546306,Vestuário
3546405,Vestuário
3546603,Alimentos
3546702,Manutenção
3546801,Vestuário
3547304,Manutenção
3547700,Vestuário
3547809,Manutenção
3548104,Vestuário
3548500,Alimentos
3548609,Alimentos
3548708,Manutenção
3548807,Manutenção
3548906,Alimentos
3549102,Manutenção
3549409,Alimentos
3549508,Alimentos
3549706,Alimentos
3549805,Alimentos
3549904,Manutenção
3550308,Vestuário
3550407,Vestuário
3550605,Manutenção
3550704,Alimentos
3550803,Alimentos
3550902,Vestuário
3551009,Alimentos
3551504,Alimentos
3551603,Vestuário
3551702,Manutenção
3552106,Vestuário
3552205,Manutenção
3552403,Manutenção
3552502,Manutenção
3552601,Vestuário
3552809,Alimentos
3553005,Vestuário
3553302,Minerais Não Metálicos
3553401,Vestuário
3553708,Alimentos
3553807,Vestuário
3554003,Alimentos
3554102,Alimentos
3554508,Vestuário
3554706,Vestuário
3554805,Alimentos
3554904,Alimentos
3555000,Manutenção
3555109,Alimentos
3555208,Vestuário
3555406,Alimentos
3555802,Alimentos
3556107,Móveis
3556206,Manutenção
3556305,Alimentos
3556404,Vestuário
3556503,Produtos de Metal
3556602,Produtos de Metal
3556701,Manutenção
3556800,Vestuário
3557006,Manutenção
3557105,Móveis
3556453,Manutenção
3112059,Alimentos
3117876,Produtos de Metal
3119955,Minerais Não Metálicos
3135357,Alimentos
3145455,Produtos de Metal
3165537,Alimentos
3170578,Alimentos
3171071,Alimentos
3303955,Alimentos
3305554,Alimentos
3202256,Alimentos
3159357,Alimentos
3170057,Alimentos
3162559,Alimentos
3135050,Alimentos
3140852,Alimentos
3300456,Alimentos
3302270,Alimentos
3549250,Vestuário
3557303,Manutenção
3532827,Vestuário
3100401,Alimentos
3100906,Alimentos
3101706,Alimentos
3102308,Alimentos
3105004,Alimentos
3105103,Alimentos
3107109,Alimentos
3108305,Vestuário
3109204,Alimentos
3109907,Minerais Não Metálicos
3110509,Alimentos
3111002,Alimentos
3111606,Alimentos
3112406,Couro e Calçados
3112505,Produtos de Metal
3112703,Alimentos
3112802,Manutenção
3115508,Alimentos
3117306,Alimentos
3117603,Alimentos
3117900,Alimentos
3118106,Produtos de Metal
3118700,Alimentos
3118809,Alimentos
3119500,Minerais Não Metálicos
3121605,Alimentos
3122009,Alimentos
3124203,Alimentos
3124500,Alimentos
3124906,Vestuário
3126406,Alimentos
3126802,Alimentos
3127008,Produtos de Metal
3128006,Alimentos
3128600,Produtos de Metal
3130309,Alimentos
3131208,Vestuário
3132909,Vestuário
3134004,Alimentos
3135209,Alimentos
3136306,Alimentos
3139003,Vestuário
3139508,Alimentos
3139706,Produtos de Metal
3139904,Alimentos
3140001,Alimentos
3140506,Produtos de Metal
3140704,Alimentos
3143005,Vestuário
3143807,Alimentos
3144003,Alimentos
3144102,Alimentos
3144508,Alimentos
3145109,Alimentos
3145901,Alimentos
3147006,Manutenção
3148202,Vestuário
3148905,Vestuário
3149507,Vestuário
3149606,Alimentos
3149705,Couro e Calçados
3150208,Alimentos
3151206,Alimentos
3151404,Alimentos
3152303,Alimentos
3153301,Alimentos
3154101,Alimentos
3154804,Alimentos
3154903,Alimentos
3156908,Alimentos
3157203,Alimentos
3158003,Alimentos
3160702,Alimentos
3160900,Produtos de Metal
3162609,Vestuário
3162906,Vestuário
3164001,Alimentos
3164407,Alimentos
3168408,Alimentos
3168705,Produtos de Metal
3169208,Alimentos
3169604,Alimentos
3169703,Minerais Não Metálicos
3169802,Alimentos
3170800,Produtos de Metal
3171006,Produtos de Metal
3545159,Vestuário
3200706,Minerais Não Metálicos
3202504,Manutenção
3203304,Alimentos
3203809,Alimentos
3204104,Alimentos
3204401,Alimentos
3203130,Alimentos
3205069,Alimentos
3300209,Alimentos
3300605,Alimentos
3301108,Vestuário
3302106,Alimentos
3302809,Alimentos
3303104,Alimentos
3303708,Alimentos
3304409,Alimentos
3305000,Alimentos
3305604,Alimentos
3305703,Vestuário
3305158,Alimentos
3500105,Vestuário
3500402,Alimentos
3501301,Alimentos
3502002,Vestuário
3502606,Alimentos
3503703,Vestuário
3504800,Produtos de Metal
3505104,Minerais Não Metálicos
3505807,Manutenção
3506706,Vestuário
3506904,Vestuário
3508405,Manutenção
3509403,Alimentos
3509908,Alimentos
3510203,Vestuário
3510500,Alimentos
3511201,Vestuário
3511904,Alimentos
3512803,Manutenção
3513207,Couro e Calçados
3513603,Alimentos
3513900,Alimentos
3514205,Produtos de Metal
3514809,Alimentos
3515509,Vestuário
3516903,Vestuário
3517505,Vestuário
3518404,Alimentos
3520004,Alimentos
3520202,Manutenção
3520707,Alimentos
3521002,Produtos de Metal
3521309,Manutenção
3521408,Produtos de Metal
3521903,Vestuário
3522505,Manutenção
3522802,Vestuário
3523602,Vestuário
3524006,Manutenção
3524600,Alimentos
3525508,Madeira
3526001,Vestuário
3526308,Alimentos
3527009,Vestuário
3527306,Manutenção
3528106,Vestuário
3529203,Alimentos
3529609,Móveis
3531001,Produtos de Metal
3531100,Alimentos
3532009,Minerais Não Metálicos
3532405,Vestuário
3533007,Produtos de Metal
3534500,Produtos de Metal
3535002,Alimentos
3535101,Vestuário
3536000,Vestuário
3536109,Alimentos
3536307,Alimentos
3536406,Minerais Não Metálicos
3537503,Vestuário
3537701,Couro e Calçados
3539004,Vestuário
3539202,Vestuário
3539608,Minerais Não Metálicos
3541307,Manutenção
3541505,Vestuário
3541604,Alimentos
3541703,Manutenção
3542404,Alimentos
3543006,Alimentos
3545308,Manutenção
3547007,Alimentos
3547502,Vestuário
3547601,Vestuário
3548005,Produtos de Metal
3550001,Vestuário
3550100,Produtos de Metal
3550209,Alimentos
3551801,Alimentos
3551900,Produtos de Metal
3553104,Alimentos
3553609,Vestuário
3553906,Vestuário
3555604,Produtos de Metal
3507456,Alimentos
3518859,Alimentos
3128253,Alimentos
3140159,Alimentos
3145059,Alimentos
3154150,Móveis
3162948,Produtos de Metal
3205010,Produtos de Metal
3300233,Alimentos
3305133,Vestuário
3536570,Produtos de Metal
3112653,Alimentos
3103751,Alimentos
3137536,Produtos de Metal
3304144,Alimentos
3304524,Alimentos
3204658,Alimentos
3510153,Produtos de Metal
3519055,Alimentos
3556354,Minerais Não Metálicos
3540754,Vestuário
3500758,Vestuário
3100203,Alimentos
3101102,Alimentos
3101805,Alimentos
3102001,Alimentos
3102803,Alimentos
3103009,Alimentos
3104106,Alimentos
3104403,Alimentos
3104700,Alimentos
3169356,Produtos de Metal
3106408,Alimentos
3106507,Alimentos
3106606,Alimentos
3107307,Alimentos
3108008,Alimentos
3108602,Alimentos
3109600,Vestuário
3109808,Produtos de Metal
3110905,Têxtil
3111101,Alimentos
3111309,Têxtil
3112000,Alimentos
3114105,Alimentos
3115904,Alimentos
3116902,Alimentos
3117108,Alimentos
3118205,Alimentos
3118403,Alimentos
3118908,Vestuário
3120508,Vestuário
3120607,Alimentos
3121308,Vestuário
3122405,Alimentos
3122801,Madeira
3123205,Vestuário
3124005,Vestuário
3124302,Vestuário
3124807,Alimentos
3125705,Alimentos
3125903,Alimentos
3126505,Vestuário
3126703,Alimentos
3127503,Madeira
3128105,Minerais Não Metálicos
3128204,Alimentos
3128501,Vestuário
3128907,Alimentos
3129905,Alimentos
3130507,Vestuário
3131406,Alimentos
3131505,Alimentos
3133303,Alimentos
3133402,Alimentos
3133709,Alimentos
3134400,Alimentos
3135902,Alimentos
3136108,Produtos de Metal
3136801,Alimentos
3137700,Alimentos
3138005,Vestuário
3139300,Alimentos
3139607,Vestuário
3141009,Produtos Diversos
3141108,Produtos de Metal
3142601,Produtos de Metal
3142700,Alimentos
3144607,Alimentos
3144805,Alimentos
3147303,Alimentos
3148301,Alimentos
3148509,Alimentos
3148707,Alimentos
3149903,Alimentos
3152204,Alimentos
3152808,Alimentos
3154002,Alimentos
3155306,Alimentos
3155504,Alimentos
3155702,Alimentos
3156007,Alimentos
3156205,Vestuário
3156502,Alimentos
3156809,Alimentos
3157708,Produtos de Metal
3158102,Alimentos
3158201,Alimentos
3158607,Vestuário
3159704,Alimentos
3159803,Alimentos
3161106,Alimentos
3161403,Alimentos
3162104,Alimentos
3162302,Vestuário
3162401,Alimentos
3162807,Alimentos
3163904,Vestuário
3164506,Alimentos
3165008,Alimentos
3166709,Manutenção
3166907,Minerais Não Metálicos
3167509,Manutenção
3168507,Alimentos
3169109,Vestuário
3170008,Alimentos
3172202,Alimentos
3172103,Produtos de Metal
3200201,Alimentos
3200508,Alimentos
3200904,Produtos de Metal
3201100,Vestuário
3201407,Alimentos
3201803,Alimentos
3201902,Alimentos
3203007,Alimentos
3203502,Alimentos
3203700,Alimentos
3202454,Alimentos
3204351,Vestuário
3205036,Minerais Não Metálicos
3301504,Vestuário
3302601,Alimentos
3302908,Alimentos
3303005,Alimentos
3303203,Alimentos
3305406,Alimentos
3305505,Alimentos
3302056,Alimentos
3304151,Alimentos
3500204,Vestuário
3501202,Vestuário
3502705,Produtos de Metal
3502903,Produtos de Metal
3506300,Vestuário
3508009,Madeira
3508207,Vestuário
3509304,Alimentos
3510104,Alimentos
3512001,Alimentos
3512506,Couro e Calçados
3513108,Alimentos
3514502,Alimentos
3515400,Vestuário
3515905,Produtos de Metal
3516002,Alimentos
3517109,Minerais Não Metálicos
3517208,Alimentos
3517307,Produtos de Metal
3517703,Vestuário
3517901,Alimentos
3518107,Alimentos
3518602,Manutenção
3521705,Produtos de Metal
3524907,Produtos de Metal
3525201,Manutenção
3526100,Alimentos
3529906,Alimentos
3530409,Vestuário
3531902,Vestuário
3532504,Produtos de Metal
3532900,Vestuário
3533700,Alimentos
3535309,Alimentos
3535804,Manutenção
3535903,Alimentos
3536208,Alimentos
3537602,Alimentos
3538105,Vestuário
3538303,Alimentos
3539400,Alimentos
3539905,Alimentos
3540002,Produtos de Metal
3540200,Manutenção
3542008,Produtos de Metal
3542503,Vestuário
3542701,Couro e Calçados
3543709,Minerais Não Metálicos
3545001,Vestuário
3546207,Minerais Não Metálicos
3551108,Produtos de Metal
3551306,Produtos de Metal
3552007,Madeira
3552304,Vestuário
3552700,Vestuário
3552908,Alimentos
3554300,Alimentos
3519253,Alimentos
3102050,Alimentos
3108552,Produtos de Metal
3109253,Minerais Não Metálicos
3121258,Produtos de Metal
3122355,Alimentos
3122470,Produtos de Metal
3144375,Produtos de Metal
3152170,Alimentos
3156452,Vestuário
3160959,Alimentos
3161650,Alimentos
3169059,Têxtil
3170750,Manutenção
3171154,Alimentos
3201159,Alimentos
3204252,Alimentos
3205176,Produtos de Metal
3300936,Produtos de Metal
3302452,Vestuário
3304755,Alimentos
3509957,Produtos de Metal
3553658,Produtos de Metal
3122454,Alimentos
3162575,Vestuário
3101631,Alimentos
3165578,Alimentos
3136652,Alimentos
3154457,Alimentos
3548054,Alimentos
3515152,Alimentos
3515129,Alimentos
3520426,Produtos Diversos
3532843,Produtos de Metal
3100302,Alimentos
3101201,Alimentos
3101409,Vestuário
3103801,Alimentos
3108107,Alimentos
3108206,Alimentos
3109501,Alimentos
3111903,Vestuário
3112109,Alimentos
3113701,Alimentos
3114600,Alimentos
3118007,Alimentos
3121407,Alimentos
3121506,Alimentos
3122207,Alimentos
3125002,Produtos de Metal
3125200,Alimentos
3125804,Alimentos
3127800,Minerais Não Metálicos
3128402,Vestuário
3131802,Vestuário
3133204,Produtos de Metal
3133600,Alimentos
3133907,Produtos de Metal
3135407,Alimentos
3136009,Alimentos
3137007,Alimentos
3137106,Produtos de Metal
3138906,Produtos de Metal
3139201,Alimentos
3140100,Vestuário
3140407,Alimentos
3140803,Produtos de Metal
3141405,Alimentos
3142502,Alimentos
3142908,Produtos de Metal
3145307,Alimentos
3145802,Fumo
3148400,Alimentos
3150604,Produtos de Metal
3150901,Alimentos
3151008,Alimentos
3155603,Alimentos
3156106,Alimentos
3156403,Alimentos
3157104,Alimentos
3157906,Alimentos
3158805,Vestuário
3159001,Alimentos
3160306,Alimentos
3161809,Vestuário
3163805,Alimentos
3164605,Vestuário
3166204,Produtos de Metal
3167103,Alimentos
3167400,Vestuário
3167905,Alimentos
3168101,Alimentos
3171709,Vestuário
3200409,Alimentos
3201605,Alimentos
3202207,Alimentos
3202702,Alimentos
3203403,Alimentos
3204500,Alimentos
3204807,Alimentos
3204054,Alimentos
3200169,Alimentos
3203163,Alimentos
3200136,Vestuário
3300258,Alimentos
3302254,Alimentos
3500907,Alimentos
3501806,Vestuário
3505609,Manutenção
3507704,Alimentos
3510302,Produtos de Metal
3512209,Produtos de Metal
3512902,Vestuário
3513504,Alimentos
3518503,Vestuário
3520400,Alimentos
3527504,Móveis
3528205,Vestuário
3529807,Couro e Calçados
3530201,Alimentos
3532108,Produtos Diversos
3532801,Produtos de Metal
3534807,Produtos de Metal
3535200,Alimentos
3535606,Alimentos
3536802,Alimentos
3538501,Produtos de Metal
3543105,Alimentos
3543808,Manutenção
3544301,Vestuário
3546108,Produtos de Metal
3547205,Vestuário
3547908,Alimentos
3548203,Alimentos
3556008,Vestuário
3514957,Vestuário
3515194,Alimentos
3532058,Alimentos
3544251,Alimentos
3553955,Produtos de Metal
3116159,Produtos de Metal
3136553,Alimentos
3138351,Alimentos
3144359,Produtos de Metal
3145877,Alimentos
3157278,Alimentos
3164431,Vestuário
3164472,Alimentos
3554755,Alimentos
3131158,Alimentos
3114550,Alimentos
3301157,Vestuário
3300951,Alimentos
3205150,Produtos de Metal
3537156,Alimentos
3555356,Vestuário
3100500,Alimentos
3100609,Alimentos
3102100,Bebidas
3102902,Alimentos
3103207,Vestuário
3103702,Alimentos
3104304,Alimentos
3104809,Alimentos
3106804,Alimentos
3107208,Alimentos
3107505,Alimentos
3109105,Alimentos
3110202,Alimentos
3110400,Vestuário
3111408,Alimentos
3112208,Alimentos
3113503,Produtos de Metal
3116506,Vestuário
3119906,Alimentos
3121100,Alimentos
3121209,Alimentos
3122504,Alimentos
3122702,Alimentos
3123809,Produtos de Metal
3125408,Alimentos
3125507,Produtos de Metal
3129103,Alimentos
3129202,Vestuário
3130002,Alimentos
3130705,Produtos de Metal
3131000,Alimentos
3131109,Produtos Diversos
3131604,Alimentos
3132602,Vestuário
3134301,Produtos de Metal
3134509,Produtos de Metal
3135308,Alimentos
3135803,Alimentos
3136405,Produtos Diversos
3137403,Móveis
3138708,Minerais Não Metálicos
3140209,Vestuário
3141702,Alimentos
3142403,Vestuário
3145000,Alimentos
3147709,Alimentos
3149002,Vestuário
3149101,Alimentos
3151305,Vestuário
3153509,Alimentos
3158904,Produtos de Metal
3159100,Alimentos
3160009,Vestuário
3160801,Produtos de Metal
3161007,Alimentos
3163409,Vestuário
3164308,Alimentos
3165503,Alimentos
3166303,Produtos de Metal
3167004,Alimentos
3168309,Alimentos
3202009,Alimentos
3203106,Vestuário
3204203,Alimentos
3300902,Vestuário
3304607,Vestuário
3305307,Vestuário
3502408,Alimentos
3503109,Vestuário
3504909,Alimentos
3505005,Vestuário
3509809,Alimentos
3511003,Alimentos
3512704,Minerais Não Metálicos
3519006,Alimentos
3519204,Produtos de Metal
3519501,Vestuário
3519907,Alimentos
3520608,Minerais Não Metálicos
3521804,Vestuário
3523305,Alimentos
3523800,Alimentos
3525805,Alimentos
3526506,Alimentos
3528809,Vestuário
3530102,Alimentos
3534203,Vestuário
3536604,Alimentos
3536901,Produtos de Metal
3537206,Alimentos
3540507,Alimentos
3541109,Manutenção
3541901,Alimentos
3544806,Alimentos
3553203,Alimentos
3553500,Vestuário
3554607,Alimentos
3556909,Produtos de Metal
3115359,Alimentos
3120870,Alimentos
3130655,Alimentos
3135456,Alimentos
3140530,Alimentos
3145372,Madeira
3161056,Vestuário
3171030,Produtos de Metal
3547650,Alimentos
3125952,Produtos de Metal
3138625,Alimentos
3130051,Alimentos
3306156,Alimentos
3528858,Móveis
3503950,Produtos de Metal
3540259,Vestuário
3536257,Vestuário
3509452,Manutenção
3522653,Alimentos
3501152,Vestuário
3100104,Alimentos
3100807,Vestuário
3101003,Alimentos
3101300,Alimentos
3106101,Alimentos
3107000,Alimentos
3107604,Produtos de Metal
3107802,Alimentos
3107901,Alimentos
3108701,Alimentos
3111507,Alimentos
3114907,Produtos de Metal
3115706,Produtos de Metal
3115805,Produtos de Metal
3116100,Alimentos
3118502,Alimentos
3119807,Alimentos
3120409,Alimentos
3120706,Alimentos
3123403,Alimentos
3124708,Alimentos
3127602,Alimentos
3129707,Alimentos
3132305,Alimentos
3135704,Produtos de Metal
3136603,Alimentos
3138302,Couro e Calçados
3138609,Alimentos
3140308,Alimentos
3141801,Alimentos
3142007,Alimentos
3143500,Alimentos
3143609,Têxtil
3144409,Alimentos
3144904,Alimentos
3146206,Alimentos
3146602,Produtos de Metal
3149200,Produtos de Metal
3150307,Produtos de Metal
3151909,Alimentos
3152402,Alimentos
3153400,Alimentos
3153806,Alimentos
3153905,Alimentos
3155207,Bebidas
3157609,Produtos de Metal
3158409,Vestuário
3161205,Alimentos
3161304,Alimentos
3161700,Alimentos
3164100,Alimentos
3165206,Produtos Diversos
3165602,Vestuário
3167608,Alimentos
3170909,Alimentos
3171808,Alimentos
3549953,Produtos de Metal
3202900,Alimentos
3203601,Alimentos
3204302,Alimentos
3302304,Vestuário
3305901,Vestuário
3500808,Alimentos
3504305,Alimentos
3516804,Alimentos
3517802,Móveis
3521101,Manutenção
3521606,Alimentos
3527702,Alimentos
3527801,Produtos de Metal
3528304,Vestuário
3538907,Alimentos
3539509,Produtos de Metal
3539707,Alimentos
3541208,Alimentos
3542305,Alimentos
3543204,Alimentos
3545605,Vestuário
3548302,Alimentos
3549201,Alimentos
3550506,Alimentos
3551207,Vestuário
3551405,Alimentos
3554201,Vestuário
3104452,Produtos de Metal
3127388,Vestuário
3145851,Alimentos
3157377,Alimentos
3162450,Alimentos
3162658,Móveis
3170438,Alimentos
3521150,Alimentos
3532157,Alimentos
3138658,Manutenção
3149150,Alimentos
3202652,Alimentos
3527256,Vestuário
3554953,Vestuário
3514924,Vestuário
3102209,Alimentos
3102407,Alimentos
3110806,Produtos de Metal
3112901,Alimentos
3115201,Alimentos
3115409,Madeira
3116407,Couro e Calçados
3117207,Alimentos
3119708,Produtos Diversos
3126307,Produtos de Metal
3127305,Alimentos
3129400,Alimentos
3135001,Alimentos
3136504,Alimentos
3138500,Alimentos
3139102,Manutenção
3141603,Vestuário
3143708,Papel e Celulose
3145406,Alimentos
3150406,Alimentos
3150703,Manutenção
3150802,Alimentos
3153707,Alimentos
3155900,Alimentos
3157302,Alimentos
3159506,Alimentos
3159902,Alimentos
3160108,Vestuário
3160504,Alimentos
3160603,Vestuário
3163201,Alimentos
3163508,Alimentos
3165701,Alimentos
3165800,Alimentos
3165909,Alimentos
3166006,Alimentos
3169505,Alimentos
3202553,Alimentos
3502309,Alimentos
3503604,Produtos de Metal
3510708,Vestuário
3513306,Alimentos
3518909,Vestuário
3521507,Vestuário
3522000,Vestuário
3530904,Vestuário
3533601,Alimentos
3545704,Alimentos
3500550,Produtos de Metal
3546900,Produtos de Metal
3549003,Alimentos
3549300,Vestuário
3555505,Alimentos
3102852,Alimentos
3115474,Vestuário
3144672,Vestuário
3145356,Produtos de Metal
3149952,Alimentos
3150158,Alimentos
3160454,Alimentos
3170479,Alimentos
3170651,Produtos de Metal
3546256,Veículos Automotores
3135076,Alimentos
3123858,Alimentos
3170529,Alimentos
3139250,Alimentos
3503158,Têxtil
3543253,Vestuário
3553856,Produtos de Metal
3102704,Alimentos
3104502,Alimentos
3105509,Alimentos
3111804,Alimentos
3116001,Alimentos
3117009,Alimentos
3119005,Alimentos
3120102,Alimentos
3122603,Produtos Diversos
3123502,Madeira
3126604,Vestuário
3126901,Alimentos
3127206,Produtos de Metal
3129301,Produtos de Metal
3130804,Alimentos
3134707,Alimentos
3141900,Produtos de Metal
3142304,Alimentos
3146701,Madeira
3148806,Alimentos
3151602,Alimentos
3153202,Alimentos
3155108,Alimentos
3157500,Madeira
3164209,Produtos de Metal
3165107,Alimentos
3166402,Vestuário
3167707,Alimentos
3170602,Alimentos
3171600,Minerais Não Metálicos
3200359,Alimentos
3501103,Vestuário
3501400,Alimentos
3503505,Alimentos
3510906,Alimentos
3512100,Alimentos
3515202,Alimentos
3525607,Alimentos
3533205,Produtos de Metal
3534005,Alimentos
3544400,Vestuário
3544707,Vestuário
3545100,Vestuário
3549607,Alimentos
3554409,Têxtil
3555901,Produtos Diversos
3120151,Produtos de Metal
3127370,Vestuário
3130556,Produtos de Metal
3138682,Alimentos
3142254,Alimentos
3148756,Alimentos
3507753,Alimentos
3532868,Vestuário
3534757,Alimentos
3115458,Alimentos
3557154,Alimentos
3108800,Alimentos
3111705,Alimentos
3116308,Madeira
3116803,Alimentos
3122108,Vestuário
3124401,Alimentos
3127909,Alimentos
3137908,Bebidas
3138104,Produtos de Metal
3141504,Alimentos
3153004,Produtos de Metal
3158706,Vestuário
3161601,Alimentos
3163003,Produtos de Metal
3163300,Vestuário
3170305,Alimentos
3508900,Alimentos
3512605,Vestuário
3515806,Madeira
3516101,Produtos de Metal
3524204,Alimentos
3525409,Alimentos
3526605,Manutenção
3527900,Alimentos
3530003,Vestuário
3532207,Alimentos
3532306,Alimentos
3542800,Alimentos
3544509,Alimentos
3547106,Alimentos
3555703,Alimentos
3127354,Alimentos
3136579,Têxtil
3157658,Alimentos
3166956,Alimentos
3140555,Alimentos
3554656,Vestuário
3116209,Vestuário
3117405,Alimentos
3121001,Produtos Diversos
3134103,Produtos de Metal
3135605,Alimentos
3144201,Alimentos
3145505,Vestuário
3157401,Alimentos
3166105,Madeira
3503000,Alimentos
3533304,Têxtil
3533809,Vestuário
3541802,Manutenção
3542909,Alimentos
3545506,Alimentos
3136520,Alimentos
3515657,Produtos de Metal
3143450,Alimentos
3533254,Manutenção
3103603,Alimentos
3105707,Têxtil
3115003,Vestuário
3121803,Alimentos
3123106,Alimentos
3129608,Produtos de Metal
3147501,Produtos de Metal
3171501,Alimentos
3171907,Alimentos
3506201,Vestuário
3523008,Alimentos
3528908,Alimentos
3529104,Vestuário
3531605,Alimentos
3540101,Alimentos
3540408,Produtos de Metal
3515350,Alimentos
3108255,Alimentos
3150570,Alimentos
3556958,Vestuário
3157252,Alimentos
3522158,Alimentos
3100708,Produtos de Metal
3103306,Produtos de Metal
3105202,Alimentos
3106002,Alimentos
3113800,Têxtil
3119609,Alimentos
3124609,Alimentos
3125606,Alimentos
3141306,Alimentos
3127057,Vestuário
3149408,Alimentos
3156601,Alimentos
3159308,Alimentos
3160207,Alimentos
3164803,Alimentos
3164902,Alimentos
3500600,Produtos Diversos
3515301,Produtos de Metal
3518008,Têxtil
3548401,Produtos de Metal
3126752,Alimentos
3127339,Alimentos
3144656,Alimentos
3165552,Alimentos
3168051,Produtos de Metal
3541653,Produtos de Metal
3123528,Alimentos
3120300,Manutenção
3140605,Alimentos
3150000,Alimentos
3158508,Vestuário
3504701,Alimentos
3516507,Vestuário
3517000,Vestuário
3544202,Alimentos
3546504,Manutenção
3147808,Alimentos
3171105,Alimentos
3505401,Alimentos
3146750,Alimentos
3166600,Bebidas
3547403,Alimentos
3513850,Alimentos
3507159,Madeira
3555307,Produtos de Metal
3126950,Alimentos
3108503,Alimentos
3171402,Alimentos
3540309,Alimentos
3110103,Alimentos
3137304,Alimentos
3166501,Produtos de Metal
3533106,Alimentos
3145703,Alimentos
3113107,Alimentos
3117836,Alimentos
3120839,Produtos de Metal
3132800,Alimentos
3163607,Alimentos
3152131,Bebidas
3165560,Alimentos
3103108,Alimentos
3121704,Alimentos
3509106,Alimentos
3106655,Alimentos
3552551,Vestuário
3529658,Alimentos
3507209,Alimentos
3543238,Alimentos
3126208,Manutenção
3154507,Alimentos
3168200,Alimentos
3136959,Alimentos
3143153,Alimentos
3503356,Alimentos
3162252,Produtos Diversos
3120003,Alimentos
3147956,Produtos Diversos
3127073,Bebidas
3146552,Alimentos
3167301,Produtos de Metal
3540853,Manutenção
3129657,Minerais Não Metálicos
3505351,Móveis
3146255,Alimentos
3115607,Químicos
3132008,Produtos de Metal
3111150,Alimentos
