CD_MUN;Pop_2021;Pop_2024;Pop_2025
3100104;7022;6365;6345.0
3100203;23263;23161;23173.0
3100302;13434;14312;14354.0
3100401;3995;3997;3998.0
3100500;9270;8995;8926.0
3100609;13319;12545;12391.0
3100708;1986;2165;2171.0
3100807;4557;4490;4509.0
3100906;19285;18841;18850.0
3101003;13656;14486;14567.0
3101102;25116;26165;26212.0
3101201;5949;6382;6389.0
3101300;2657;2816;2820.0
3101409;3015;3023;3027.0
3101508;35438;31333;31159.0
3101607;80973;81950;82303.0
3101631;7052;7184;7236.0
3101706;42380;41894;42019.0
3101805;7448;7029;7019.0
3101904;20059;18672;18673.0
3102001;14566;14253;14272.0
3102050;5938;5982;6014.0
3102100;10723;10994;10931.0
3102209;3783;4012;3983.0
3102308;15135;15360;15358.0
3102407;3605;4322;4359.0
3102506;4643;4595;4574.0
3102605;41704;42282;42501.0
3102704;9470;9333;9347.0
3102803;12189;12169;12163.0
3102852;8594;7860;7849.0
3102902;11471;11345;11350.0
3103009;9233;9388;9375.0
3103108;1577;1558;1552.0
3103207;2360;2224;2222.0
3103306;2056;2095;2095.0
3103405;36715;35250;35185.0
3103504;118361;122874;123432.0
3103603;2779;2991;2998.0
3103702;8467;8218;8218.0
3103751;6992;8935;9069.0
3103801;2836;2674;2668.0
3103900;9523;9556;9634.0
3104007;108403;117677;118786.0
3104106;10990;9348;9335.0
3104205;40658;43348;43653.0
3104304;15288;14212;14229.0
3104403;2681;2725;2715.0
3104452;5305;4820;4820.0
3104502;17850;17598;17586.0
3104601;14358;14565;14633.0
3104700;12496;13967;13936.0
3104809;4833;4593;4572.0
3104908;19249;18768;18782.0
3105004;7780;7614;7595.0
3105103;23964;24144;24203.0
3105202;4738;4821;4811.0
3105301;5808;6146;6183.0
3105400;33232;32095;32264.0
3105509;5311;4991;4952.0
3105608;139061;129630;129695.0
3105707;4905;5740;5717.0
3105905;20981;20566;20604.0
3106002;10269;10412;10427.0
3106101;3422;3299;3292.0
3106200;2530701;2416339;2415872.0
3106309;27277;24503;24546.0
3106408;7723;8946;9012.0
3106507;11813;9769;9638.0
3106606;4609;4546;4546.0
3106655;4792;4277;4270.0
3106705;450024;429236;431433.0
3106804;3282;3388;3367.0
3106903;14612;14331;14358.0
3107000;2482;2409;2397.0
3107109;40308;41332;41443.0
3107208;5088;5508;5530.0
3107307;50521;49668;49797.0
3107406;51436;53995;54377.0
3107505;6444;6968;6988.0
3107604;4270;4642;4677.0
3107703;6182;5775;5786.0
3107802;14792;14756;14719.0
3107901;10527;13183;13312.0
3108008;17612;17510;17515.0
3108107;6852;7672;7710.0
3108206;5397;5615;5600.0
3108255;11502;10491;10525.0
3108305;19809;17811;17837.0
3108404;14927;15137;15141.0
3108503;6259;5841;5806.0
3108552;16950;15432;15485.0
3108602;32460;33188;33262.0
3108701;4255;4314;4296.0
3108800;4737;4475;4445.0
3108909;14364;14506;14491.0
3109006;41208;40777;41090.0
3109105;10982;11161;11168.0
3109204;10342;9229;9171.0
3109253;3984;4149;4159.0
3109303;25179;24693;24779.0
3109402;28184;24068;23908.0
3109451;7025;6797;6811.0
3109501;14074;11396;11269.0
3109600;3580;3781;3785.0
3109709;11609;12248;12302.0
3109808;2720;2346;2337.0
3109907;11869;11832;11906.0
3110004;45364;39850;39775.0
3110103;5584;5463;5484.0
3110202;3961;4186;4191.0
3110301;14600;14588;14628.0
3110400;2839;2867;2851.0
3110509;21831;27551;27860.0
3110608;30068;30870;31066.0
3110707;12810;12560;12551.0
3110806;3739;2917;2884.0
3110905;16855;16334;16372.0
3111002;21052;21143;21155.0
3111101;19759;18250;18188.0
3111150;3830;3802;3806.0
3111200;54338;53943;54027.0
3111309;11648;11624;11625.0
3111408;8383;8838;8931.0
3111507;15661;13136;13076.0
3111606;28908;26809;26749.0
3111705;4533;4832;4839.0
3111804;12251;10755;10716.0
3111903;5585;5356;5342.0
3112000;14890;14236;14211.0
3112059;4575;4039;4029.0
3112109;5464;5144;5138.0
3112208;4616;4416;4397.0
3112307;38321;41536;41858.0
3112406;6860;6652;6627.0
3112505;9896;11105;11210.0
3112604;16294;14899;14872.0
3112653;5559;4650;4634.0
3112703;15388;14401;14403.0
3112802;8693;10863;10991.0
3112901;9318;9128;9128.0
3113008;23872;19654;19511.0
3113107;3150;2960;2942.0
3113206;25831;24368;24403.0
3113305;33022;32165;32134.0
3113404;93124;90687;90890.0
3113503;9423;8633;8603.0
3113602;6826;7029;7062.0
3113701;18516;18852;18783.0
3113800;2660;2682;2693.0
3113909;12193;11776;11767.0
3114006;11546;11279;11291.0
3114105;15031;14114;14125.0
3114204;22900;24376;24581.0
3114303;30339;29899;29885.0
3114402;21310;21464;21506.0
3114501;19756;18498;18561.0
3114550;10103;9630;9633.0
3114600;4052;4153;4161.0
3114709;3614;3417;3419.0
3114808;4445;4507;4503.0
3114907;2251;2260;2260.0
3115003;3108;2757;2751.0
3115102;17741;17495;17491.0
3115201;3939;3596;3576.0
3115300;75942;67872;67732.0
3115359;5465;5668;5706.0
3115409;3665;3141;3124.0
3115458;6206;7226;7248.0
3115474;4944;4805;4788.0
3115508;21566;21436;21412.0
3115607;1150;1091;1084.0
3115706;7059;6243;6213.0
3115805;10343;10440;10447.0
3115904;3216;3177;3194.0
3116001;5695;6261;6289.0
3116100;15334;10024;9763.0
3116159;14217;12810;12904.0
3116209;2657;2865;2868.0
3116308;6811;5599;5549.0
3116407;4873;4777;4786.0
3116506;7478;7259;7230.0
3116605;29093;31665;31936.0
3116704;7631;7285;7293.0
3116803;8810;8251;8206.0
3116902;3128;2813;2804.0
3117009;6624;6627;6540.0
3117108;10351;10668;10705.0
3117207;2814;2837;2840.0
3117306;28782;29949;30278.0
3117405;4581;4503;4503.0
3117504;17438;24254;24559.0
3117603;5558;5567;5584.0
3117702;13729;12780;12765.0
3117801;11852;11183;11218.0
3117836;7730;7420;7433.0
3117876;6867;7676;7758.0
3117900;12209;11403;11444.0
3118007;55836;54986;55272.0
3118106;5047;4927;4924.0
3118205;6997;6864;6878.0
3118304;130584;137980;138946.0
3118403;22975;21113;21052.0
3118502;1786;1578;1569.0
3118601;673849;649975;651718.0
3118700;9099;9197;9188.0
3118809;26620;26151;26138.0
3118908;8903;7592;7535.0
3119005;3546;3247;3236.0
3119104;23607;23996;23988.0
3119203;9897;11200;11240.0
3119302;27958;30013;30114.0
3119401;110709;108551;108708.0
3119500;9209;8283;8237.0
3119609;3095;2799;2789.0
3119708;3448;3586;3599.0
3119807;3168;2978;2956.0
3119906;3685;4429;4462.0
3119955;6425;6310;6333.0
3120003;2688;2912;2900.0
3120102;4436;4346;4351.0
3120151;6814;5296;5256.0
3120201;13060;12576;12634.0
3120300;5992;5165;5133.0
3120409;5161;4735;4719.0
3120508;10211;10627;10643.0
3120607;5072;5633;5674.0
3120706;3651;3610;3616.0
3120805;15529;15779;15831.0
3120839;5026;3994;3958.0
3120870;7867;7630;7662.0
3120904;81085;83862;84297.0
3121001;5431;5618;5635.0
3121100;8007;8130;8133.0
3121209;7146;8760;8851.0
3121258;10994;11003;11143.0
3121308;5044;5058;5070.0
3121407;7266;7900;7941.0
3121506;2867;3059;3060.0
3121605;47924;49353;49493.0
3121704;3779;3596;3581.0
3121803;7493;6789;6689.0
3121902;3430;4426;4481.0
3122009;20020;21329;21428.0
3122108;4969;4186;4147.0
3122207;7655;6607;6583.0
3122306;242505;242328;243583.0
3122355;6946;6513;6541.0
3122405;6039;5993;6002.0
3122454;11396;10585;10659.0
3122470;3635;3767;3763.0
3122504;5025;4981;4967.0
3122603;4436;5051;5074.0
3122702;5227;5350;5355.0
3122801;2992;3176;3184.0
3122900;6664;6241;6250.0
3123007;10291;10313;10359.0
3123106;5139;5121;5114.0
3123205;13373;12786;12730.0
3123304;4202;5159;5192.0
3123403;1539;1496;1498.0
3123502;1915;1869;1869.0
3123528;7898;8038;8065.0
3123601;28556;27343;27429.0
3123700;11268;14308;14501.0
3123809;7240;6411;6373.0
3123858;5383;5293;5295.0
3123908;15458;15120;15157.0
3124005;19019;20951;21091.0
3124104;72512;91573;93103.0
3124203;25287;24761;24844.0
3124302;31603;31385;31375.0
3124401;4728;7007;7132.0
3124500;11416;11836;11880.0
3124609;2308;2204;2189.0
3124708;3483;2750;2711.0
3124807;8057;6926;6897.0
3124906;11383;11075;11096.0
3125002;3932;3977;3986.0
3125101;37649;57913;59336.0
3125200;2374;2662;2676.0
3125309;3202;3239;3230.0
3125408;4656;5248;5251.0
3125507;3178;3098;3099.0
3125606;7548;6592;6575.0
3125705;15528;14279;14280.0
3125804;3500;2825;2814.0
3125903;9576;9666;9603.0
3125952;11100;10693;10705.0
3126000;7602;8386;8469.0
3126109;67956;70668;70897.0
3126208;9810;8103;8095.0
3126307;4460;3485;3453.0
3126406;2986;3207;3230.0
3126505;10311;7208;7053.0
3126604;5268;4564;4547.0
3126703;26459;23819;23753.0
3126752;5287;5062;5023.0
3126802;5858;5741;5731.0
3126901;9716;8334;8301.0
3126950;3496;3475;3481.0
3127008;18866;14909;14946.0
3127057;4542;4405;4389.0
3127073;5232;4607;4538.0
3127107;60508;60942;61275.0
3127206;4434;4886;4934.0
3127305;6764;6281;6244.0
3127339;5084;4863;4847.0
3127354;3177;2991;2991.0
3127370;3402;2869;2859.0
3127388;4014;4190;4214.0
3127404;4360;4891;4922.0
3127503;6184;5271;5235.0
3127602;11811;11549;11536.0
3127701;282164;266649;266561.0
3127800;15943;14091;14037.0
3127909;1386;1426;1428.0
3128006;34818;33434;33517.0
3128105;14269;14073;14076.0
3128204;10307;9921;9901.0
3128253;5005;5203;5224.0
3128303;19014;19611;19646.0
3128402;8926;7780;7731.0
3128501;3755;3132;3091.0
3128600;6558;6684;6687.0
3128709;52234;52621;52744.0
3128808;7026;7284;7285.0
3128907;8168;8808;8880.0
3129004;8296;7850;7803.0
3129103;5516;5203;5154.0
3129202;6623;6274;6278.0
3129301;11085;12486;12583.0
3129400;4999;5334;5346.0
3129509;25511;22596;22554.0
3129608;8478;6254;6172.0
3129657;5340;5139;5113.0
3129707;14128;11057;10996.0
3129806;184030;178713;179582.0
3129905;3497;3439;3440.0
3130002;3003;2740;2733.0
3130051;12200;10912;10914.0
3130101;44561;48475;49120.0
3130200;11146;11252;11345.0
3130309;7901;6845;6782.0
3130408;6667;7291;7358.0
3130507;12511;13171;13248.0
3130556;6976;7208;7244.0
3130606;7387;7510;7537.0
3130655;7328;6379;6328.0
3130705;7009;6309;6311.0
3130804;2785;2633;2632.0
3130903;24020;23000;22925.0
3131000;6352;6435;6465.0
3131109;7605;7587;7615.0
3131158;18926;17554;17587.0
3131208;20133;20095;20181.0
3131307;267333;235445;235311.0
3131406;4229;3823;3807.0
3131505;10156;9299;9283.0
3131604;7067;7423;7467.0
3131703;121717;117747;118053.0
3131802;11637;10560;10548.0
3131901;52996;55877;56369.0
3132008;5447;4265;4227.0
3132107;18175;17521;17502.0
3132206;13510;14325;14415.0
3132305;12910;10549;10482.0
3132404;97782;96632;96855.0
3132503;35130;34137;34210.0
3132602;4395;3730;3710.0
3132701;23207;21296;21210.0
3132800;2032;2175;2168.0
3132909;10122;11062;11092.0
3133006;15844;15193;15245.0
3133105;15511;15684;15751.0
3133204;12259;11298;11264.0
3133303;20997;19354;19263.0
3133402;15511;14004;14014.0
3133501;21760;21462;21456.0
3133600;9976;13332;13561.0
3133709;11354;13603;13779.0
3133758;16286;14655;14634.0
3133808;94455;102500;103272.0
3133907;5321;5752;5747.0
3134004;15053;13982;13954.0
3134103;6074;6218;6234.0
3134202;105818;106397;106775.0
3134301;5978;6845;6876.0
3134400;40101;40011;40259.0
3134509;3749;4347;4366.0
3134608;20683;21214;21407.0
3134707;12320;11169;11115.0
3134806;7695;7663;7668.0
3134905;26538;26705;26888.0
3135001;3151;3173;3181.0
3135050;39850;39379;39639.0
3135076;5453;4306;4266.0
3135100;72374;73281;73555.0
3135209;67958;67087;67123.0
3135308;4418;4672;4706.0
3135357;7991;8357;8385.0
3135407;4795;6428;6476.0
3135456;7781;6124;6072.0
3135506;12246;12652;12636.0
3135605;7407;6460;6379.0
3135704;5203;6098;6142.0
3135803;25555;24509;24516.0
3135902;4774;5296;5320.0
3136009;15476;14084;14035.0
3136108;4382;4304;4246.0
3136207;80903;83360;83791.0
3136306;47990;48532;48725.0
3136405;4757;3891;3868.0
3136504;10872;10536;10541.0
3136520;4474;3993;3963.0
3136553;5104;4352;4349.0
3136579;4911;3607;3557.0
3136603;5739;6083;6107.0
3136652;27823;32726;33249.0
3136702;577532;565764;567730.0
3136801;4359;3815;3798.0
3136900;10795;11543;11652.0
3136959;5706;5929;5937.0
3137007;18272;14399;14263.0
3137106;7588;6672;6622.0
3137205;53236;53583;53927.0
3137304;4062;3285;3237.0
3137403;13115;13116;13152.0
3137502;18168;19507;19614.0
3137536;9681;9210;9235.0
3137601;66744;79981;81299.0
3137700;19914;21422;21502.0
3137809;20995;20950;21010.0
3137908;3366;3226;3213.0
3138005;6856;6042;6018.0
3138104;6494;7358;7398.0
3138203;105756;109884;110682.0
3138302;3222;3270;3272.0
3138351;4923;4387;4364.0
3138401;52690;52696;52739.0
3138500;4994;4775;4744.0
3138609;16749;17712;17782.0
3138625;7640;9087;9191.0
3138658;9766;8968;8963.0
3138674;6249;7195;7239.0
3138682;6735;6329;6323.0
3138708;5431;5731;5744.0
3138807;18297;18304;18336.0
3138906;7112;6579;6556.0
3139003;42682;38831;38809.0
3139102;5119;5341;5360.0
3139201;18556;17751;17691.0
3139250;6565;6096;6082.0
3139300;18051;19188;19148.0
3139409;92074;96545;97328.0
3139508;22894;20970;20939.0
3139607;27651;27358;27350.0
3139706;8113;7518;7532.0
3139805;12985;13119;13180.0
3139904;14019;14557;14567.0
3140001;61830;64058;64506.0
3140100;4079;4320;4323.0
3140159;15814;16546;16705.0
3140209;3000;3532;3567.0
3140308;4030;4761;4796.0
3140407;2701;3299;3314.0
3140506;13497;14461;14546.0
3140530;8640;8725;8797.0
3140555;8700;9458;9532.0
3140605;4415;3982;3949.0
3140704;31631;40239;40814.0
3140803;14626;14501;14547.0
3140852;11360;8975;8922.0
3140902;19098;19054;19115.0
3141009;12367;12238;12210.0
3141108;38469;39291;39529.0
3141207;3733;3907;3912.0
3141306;3861;4040;4068.0
3141405;20701;20492;20455.0
3141504;6446;5651;5614.0
3141603;10775;10609;10615.0
3141702;5489;5038;4984.0
3141801;31509;24191;23843.0
3141900;3891;3815;3811.0
3142007;13651;14029;14071.0
3142106;10818;9026;8961.0
3142205;15205;13922;13921.0
3142254;4939;4011;3982.0
3142304;4948;5291;5314.0
3142403;7589;7778;7812.0
3142502;2184;2196;2187.0
3142601;8764;8550;8565.0
3142700;14621;14160;14068.0
3142809;21349;20666;20708.0
3142908;20544;20577;20497.0
3143005;13139;13340;13347.0
3143104;48049;49354;49500.0
3143153;4939;4449;4437.0
3143203;21504;21301;21294.0
3143302;417478;434321;437601.0
3143401;24247;24933;25107.0
3143450;8379;6979;6951.0
3143500;8955;9364;9414.0
3143609;2413;2438;2426.0
3143708;3126;3174;3161.0
3143807;5960;7857;7930.0
3143906;109997;108161;108447.0
3144003;26945;28670;28749.0
3144102;20522;22527;22620.0
3144201;3221;2437;2400.0
3144300;40583;35554;35263.0
3144359;7104;6442;6443.0
3144375;3306;3626;3642.0
3144409;4727;4800;4805.0
3144508;8710;8390;8407.0
3144607;26882;25774;25757.0
3144656;10355;10915;10965.0
3144672;3067;3156;3126.0
3144706;17524;17807;17813.0
3144805;97378;119142;120959.0
3144904;3548;3731;3726.0
3145000;16046;15113;15220.0
3145059;7493;6780;6746.0
3145109;16937;16854;16919.0
3145208;108241;112910;114791.0
3145307;31339;27453;27268.0
3145356;10800;10501;10503.0
3145372;5348;4630;4612.0
3145406;1694;1986;1986.0
3145455;6243;5520;5530.0
3145505;2829;2616;2618.0
3145604;41987;40552;40576.0
3145703;2128;2062;2058.0
3145802;3155;3027;3024.0
3145851;4671;5076;5102.0
3145877;8138;8759;8828.0
3145901;40220;40411;40638.0
3146008;33938;33227;33285.0
3146107;74824;77601;77914.0
3146206;5895;5858;5847.0
3146255;6466;5085;5045.0
3146305;20346;17537;17463.0
3146404;4440;4273;4253.0
3146503;8308;8341;8353.0
3146552;6098;5634;5616.0
3146602;1517;1498;1495.0
3146701;6606;5742;5699.0
3146750;5196;6373;6342.0
3146909;15922;14207;14202.0
3147006;94539;98397;99005.0
3147105;95616;102033;102844.0
3147204;21693;22357;22452.0
3147303;21353;21005;21076.0
3147402;24854;24800;24899.0
3147501;1619;1617;1609.0
3147600;16439;15842;15847.0
3147709;8031;8696;8716.0
3147808;2024;2301;2311.0
3147907;115970;116530;116951.0
3147956;6031;4863;4825.0
3148004;154641;167870;169173.0
3148103;92116;93852;94357.0
3148202;5744;5735;5754.0
3148301;9597;8786;8757.0
3148400;4794;4429;4402.0
3148509;8390;8168;8143.0
3148608;17534;17843;17863.0
3148707;24333;24999;25045.0
3148756;7157;7559;7599.0
3148806;2960;3371;3366.0
3148905;3977;4232;4247.0
3149002;2559;2883;2916.0
3149101;11098;10924;10891.0
3149150;12313;10619;10601.0
3149200;3651;3404;3398.0
3149309;65149;64910;65174.0
3149408;1804;1854;1857.0
3149507;3340;3448;3461.0
3149606;4457;4258;4265.0
3149705;11994;12925;13118.0
3149804;16469;17830;17992.0
3149903;21577;21991;22075.0
3149952;6738;6647;6624.0
3150000;4261;3587;3559.0
3150109;2719;2854;2854.0
3150158;8832;8883;8966.0
3150208;4141;4056;4054.0
3150307;4436;4697;4694.0
3150406;5034;5175;5199.0
3150505;8715;8794;8817.0
3150539;5029;4845;4864.0
3150570;7540;7231;7228.0
3150604;6386;6884;6905.0
3150703;6491;5762;5814.0
3150802;17641;17360;17358.0
3150901;5504;6271;6320.0
3151008;8683;9451;9518.0
3151107;10791;11408;11454.0
3151206;56845;57543;57713.0
3151305;10732;11958;12006.0
3151404;28433;27734;27834.0
3151503;35137;37742;38007.0
3151602;12445;11484;11533.0
3151701;16900;16791;16824.0
3151800;169838;171533;172339.0
3151909;8288;8468;8438.0
3152006;32248;32305;32441.0
3152105;60003;59569;59638.0
3152131;4305;3807;3797.0
3152170;12235;11077;11059.0
3152204;37823;38668;38692.0
3152303;11414;10825;10840.0
3152402;16675;13751;13649.0
3152501;154293;160751;162133.0
3152600;5862;6755;6779.0
3152709;9128;9327;9369.0
3152808;28173;29578;29745.0
3152907;8530;8551;8534.0
3153004;3658;3673;3691.0
3153103;5315;4883;4847.0
3153202;3572;3493;3471.0
3153301;3000;3154;3162.0
3153400;19680;19177;19192.0
3153509;8286;8596;8606.0
3153608;10931;11940;12052.0
3153707;3603;3237;3232.0
3153806;1948;1800;1796.0
3153905;16501;16735;16796.0
3154002;23663;23882;23874.0
3154101;10522;11337;11383.0
3154150;7247;8170;8246.0
3154200;11578;11520;11544.0
3154309;17396;17612;17629.0
3154408;4826;4641;4640.0
3154457;8132;6890;6830.0
3154507;9471;8886;8858.0
3154606;341415;344828;346971.0
3154705;4061;4201;4217.0
3154804;10524;10626;10698.0
3154903;13384;12921;12851.0
3155009;2630;2542;2545.0
3155108;5117;4679;4649.0
3155207;5332;5479;5447.0
3155306;5924;5727;5746.0
3155405;8964;8689;8683.0
3155504;12356;15143;15297.0
3155603;31171;29123;29103.0
3155702;14325;15001;15036.0
3155801;18007;17856;17885.0
3155900;5493;5240;5235.0
3156007;12635;12815;12770.0
3156106;4521;5115;5122.0
3156205;2335;2363;2374.0
3156304;8333;9064;9168.0
3156403;3507;3440;3430.0
3156452;4648;4896;4926.0
3156502;5609;5572;5460.0
3156601;10269;10575;10602.0
3156700;137877;134286;134576.0
3156809;15364;14382;14309.0
3156908;26556;27891;28076.0
3157005;41864;41641;41736.0
3157104;7014;6164;6126.0
3157203;31873;31756;31916.0
3157252;8212;8737;8785.0
3157278;3212;3199;3218.0
3157302;4385;4262;4245.0
3157336;8723;8321;8339.0
3157377;4074;3944;3919.0
3157401;4693;4743;4728.0
3157500;4354;4067;4038.0
3157609;3806;3551;3528.0
3157658;6406;6059;6056.0
3157708;14497;16568;16820.0
3157807;221705;229483;230382.0
3157906;16393;16903;16989.0
3158003;10867;10716;10718.0
3158102;5203;4803;4777.0
3158201;14607;12898;12817.0
3158300;7047;6781;6756.0
3158409;3909;3553;3548.0
3158508;7538;7079;7030.0
3158607;3985;3819;3815.0
3158706;2494;2175;2171.0
3158805;4847;4265;4246.0
3158904;8660;9236;9264.0
3158953;36048;48286;49025.0
3159001;4334;5579;5654.0
3159100;3753;3507;3490.0
3159209;8900;8588;8561.0
3159308;4843;4836;4826.0
3159357;7322;6952;6969.0
3159407;3380;3344;3331.0
3159506;5426;5973;5984.0
3159605;44226;42320;42517.0
3159704;3364;3476;3487.0
3159803;19997;21745;21914.0
3159902;18697;17651;17657.0
3160009;3602;3881;3896.0
3160108;3861;4342;4352.0
3160207;3763;3979;3969.0
3160306;11570;10397;10324.0
3160405;28603;28358;28456.0
3160454;7316;6743;6729.0
3160504;1756;1853;1856.0
3160603;3044;2720;2692.0
3160702;46357;43392;43218.0
3160801;5411;4835;4846.0
3160900;3770;4133;4161.0
3160959;5672;5778;5793.0
3161007;17296;17771;17783.0
3161056;3354;3252;3244.0
3161106;56625;54239;54223.0
3161205;6512;6293;6281.0
3161304;6309;5857;5858.0
3161403;4758;4866;4848.0
3161502;12751;10517;10524.0
3161601;3860;3258;3200.0
3161650;4104;3175;3158.0
3161700;8527;7521;7515.0
3161809;12776;12192;12275.0
3161908;11114;12353;12475.0
3162005;25670;24480;24497.0
3162104;36084;43309;43851.0
3162203;7541;7912;7959.0
3162252;4949;4950;4962.0
3162302;2743;3000;3012.0
3162401;25033;24269;24197.0
3162450;13232;13467;13547.0
3162500;90897;94062;94468.0
3162559;11785;11614;11676.0
3162575;5975;5468;5479.0
3162609;7393;7139;7099.0
3162658;4476;4052;4050.0
3162708;23797;24604;24706.0
3162807;15761;15617;15613.0
3162906;26530;26478;26529.0
3162922;32696;36496;37017.0
3162948;7532;8084;8145.0
3162955;24490;27710;28087.0
3163003;4291;3861;3849.0
3163102;5151;4677;4698.0
3163201;4222;4242;4252.0
3163300;3851;3501;3482.0
3163409;5356;5492;5482.0
3163508;6409;6298;6282.0
3163607;2821;2834;2844.0
3163706;46539;46653;46868.0
3163805;6949;6430;6410.0
3163904;4563;4979;4973.0
3164001;7634;7194;7132.0
3164100;5160;5166;5143.0
3164209;12713;10553;10562.0
3164308;7100;7341;7370.0
3164407;5598;6694;6778.0
3164431;3039;3219;3239.0
3164472;6697;6386;6415.0
3164506;9884;10244;10218.0
3164605;6948;9355;9527.0
3164704;71915;74742;75179.0
3164803;1478;1248;1229.0
3164902;2259;2373;2385.0
3165008;10979;11517;11559.0
3165107;6980;6853;6837.0
3165206;7151;7089;7107.0
3165305;7876;6935;6928.0
3165404;7045;6462;6469.0
3165503;6421;5164;5140.0
3165537;34050;39327;39974.0
3165552;12493;10032;9985.0
3165560;2579;2441;2420.0
3165578;5365;6458;6517.0
3165602;2001;2319;2335.0
3165701;7902;7945;7977.0
3165800;1422;2137;2149.0
3165909;4056;4035;4006.0
3166006;5786;5584;5577.0
3166105;3516;3088;3066.0
3166204;10474;10640;10657.0
3166303;7340;7536;7552.0
3166402;1857;1864;1866.0
3166501;4292;3829;3808.0
3166600;771;854;856.0
3166709;8725;6936;6859.0
3166808;11750;12210;12286.0
3166907;7667;7802;7811.0
3166956;4836;4496;4497.0
3167004;1949;2035;2036.0
3167103;20915;22550;22624.0
3167202;243950;237931;238909.0
3167301;2267;2391;2399.0
3167400;6258;6336;6348.0
3167509;2621;3060;3084.0
3167608;19834;20339;20431.0
3167707;5476;5175;5140.0
3167806;6226;5733;5733.0
3167905;3669;4098;4097.0
3168002;34653;34392;34537.0
3168051;3093;3492;3508.0
3168101;4890;4212;4215.0
3168200;1869;1707;1698.0
3168309;4120;4368;4394.0
3168408;14280;15072;15104.0
3168507;11680;12634;12691.0
3168606;141269;142571;142851.0
3168705;91268;84087;84172.0
3168804;8160;8008;8056.0
3168903;6369;8172;8231.0
3169000;16769;16574;16603.0
3169059;4117;3899;3894.0
3169109;6336;7541;7625.0
3169208;7683;8699;8653.0
3169307;80561;78079;78291.0
3169356;33062;29927;29985.0
3169406;57127;57086;57209.0
3169505;6797;5973;5955.0
3169604;25466;26482;26583.0
3169703;20280;20650;20769.0
3169802;5099;5078;5097.0
3169901;117995;107222;107423.0
3170008;12661;11977;11985.0
3170057;12514;13423;13485.0
3170107;340277;354142;356781.0
3170206;706597;754954;761835.0
3170305;2582;2742;2742.0
3170404;85461;90724;91320.0
3170438;4265;3848;3818.0
3170479;3256;3360;3365.0
3170503;10333;10875;10899.0
3170529;17470;18291;18515.0
3170578;6460;5834;5800.0
3170602;2143;2206;2207.0
3170651;5045;4727;4724.0
3170701;137608;142802;143676.0
3170750;7235;7243;7305.0
3170800;40101;34639;34555.0
3170909;19290;19214;19210.0
3171006;20692;20433;20459.0
3171030;9527;7770;7737.0
3171071;5733;5257;5240.0
3171105;4090;3480;3478.0
3171154;4852;5034;5048.0
3171204;131849;136826;138583.0
3171303;79910;79221;79517.0
3171402;3570;3780;3781.0
3171501;3157;3069;3053.0
3171600;13729;11867;11774.0
3171709;8652;9142;9164.0
3171808;10459;10519;10511.0
3171907;5303;4530;4471.0
3172004;43351;40608;40711.0
3172103;5270;4473;4441.0
3172202;2543;2387;2377.0
3200102;30326;32446;32456.0
3200136;9621;10124;10143.0
3200169;10801;12559;12585.0
3200201;29869;30744;30702.0
3200300;14670;14373;14376.0
3200359;7911;7747;7760.0
3200409;30285;32584;33017.0
3200508;7542;7474;7462.0
3200607;104942;102410;103363.0
3200706;12270;11013;11046.0
3200805;31263;32694;32829.0
3200904;45301;45250;45415.0
3201001;15146;14079;14054.0
3201100;9988;10764;10820.0
3201159;12450;13642;13718.0
3201209;212172;198323;198342.0
3201308;386495;375485;376200.0
3201407;37956;39396;39575.0
3201506;124283;128622;129301.0
3201605;31479;28953;28923.0
3201704;12887;12448;12472.0
3201803;4236;5359;5397.0
3201902;34120;37972;38236.0
3202009;6793;6885;6902.0
3202108;22748;22670;22611.0
3202207;22379;18824;18898.0
3202256;13047;11467;11484.0
3202306;31372;31290;31418.0
3202405;128504;134944;136311.0
3202454;26762;27308;27543.0
3202504;12701;12261;12304.0
3202553;8830;9973;10015.0
3202603;14083;12793;12790.0
3202652;13672;14513;14647.0
3202702;13982;14065;14042.0
3202801;34957;43362;44020.0
3202900;10433;10984;10975.0
3203007;29417;30444;30556.0
3203056;31589;31232;31551.0
3203106;12336;12079;12108.0
3203130;16774;14391;14295.0
3203163;10919;11572;11597.0
3203205;179755;181912;183797.0
3203304;15653;13173;13131.0
3203320;39259;45418;45953.0
3203346;17141;18743;18964.0
3203353;13091;13014;13087.0
3203403;26079;25179;25088.0
3203502;18954;19752;19830.0
3203601;5468;5660;5653.0
3203700;17176;18811;18809.0
3203809;15602;14213;14185.0
3203908;50751;52084;52324.0
3204005;23426;19270;19120.0
3204054;26575;22048;21923.0
3204104;27601;24825;24843.0
3204203;22388;23682;23912.0
3204252;8016;6696;6671.0
3204302;11741;14647;14852.0
3204351;19398;20229;20350.0
3204401;11630;11479;11471.0
3204500;12171;13747;13813.0
3204559;41588;45062;45575.0
3204609;23853;23796;23872.0
3204658;8735;9008;9051.0
3204708;39085;34210;34272.0
3204807;10536;11373;11411.0
3204906;134629;133359;134423.0
3204955;12602;11271;11256.0
3205002;536765;572274;579720.0
3205010;31278;28453;28668.0
3205036;21778;20353;20390.0
3205069;26204;25168;25395.0
3205101;80735;78442;79043.0
3205150;9280;9298;9319.0
3205176;14065;14263;14267.0
3205200;508655;502899;506779.0
3205309;369534;342800;343378.0
3300100;210171;179120;179142.0
3300159;12036;11420;11426.0
3300209;136109;137773;137906.0
3300225;12763;12236;12239.0
3300233;35060;42442;42527.0
3300258;30827;32794;32822.0
3300308;101139;98501;98506.0
3300407;185237;181688;181679.0
3300456;515239;518263;518384.0
3300506;27779;29736;29758.0
3300605;37306;37172;37176.0
3300704;234077;238166;238438.0
3300803;59652;59837;59861.0
3300902;15521;15070;15069.0
3300936;16859;14325;14329.0
3300951;8590;9044;9048.0
3301009;514643;519011;519259.0
3301108;20163;19996;19995.0
3301157;12818;13403;13407.0
3301207;19161;17740;17741.0
3301306;45864;48563;48636.0
3301405;23561;21769;21770.0
3301504;22152;21444;21448.0
3301603;11563;11354;11355.0
3301702;929449;866347;866225.0
3301801;14138;12648;12644.0
3301850;62225;54300;54311.0
3301876;29344;29577;29616.0
3301900;244416;240040;240127.0
3302007;136547;123980;124021.0
3302056;15387;14517;14518.0
3302106;23211;23643;23645.0
3302205;104354;107246;107297.0
3302254;32312;32694;32713.0
3302270;106296;102149;102171.0
3302304;7298;7584;7584.0
3302403;266136;264138;264439.0
3302452;5646;5601;5602.0
3302502;247741;244092;244142.0
3302601;45941;43624;43660.0
3302700;167668;211986;212470.0
3302809;18681;18049;18048.0
3302858;177016;178803;178830.0
3302908;25622;28123;28142.0
3303005;27134;28411;28416.0
3303104;15305;15550;15551.0
3303203;162893;155544;155500.0
3303302;516981;516720;516787.0
3303401;191664;203328;203417.0
3303500;825388;843046;843220.0
3303609;53093;43656;43627.0
3303708;44741;44467;44479.0
3303807;44175;47614;47668.0
3303856;27942;31345;31370.0
3303906;307144;294983;294926.0
3303955;25563;25085;25096.0
3304003;29802;29054;29066.0
3304102;19068;17832;17832.0
3304110;20254;21064;21089.0
3304128;14562;14158;14165.0
3304144;152311;149093;149135.0
3304151;25535;23126;23142.0
3304201;133244;137612;137697.0
3304300;60930;59113;59126.0
3304409;18677;17950;17951.0
3304508;9401;9264;9267.0
3304524;159529;168099;168455.0
3304557;6775561;6729894;6730729.0
3304607;10380;10579;10580.0
3304706;42705;43686;43697.0
3304755;42214;47368;47397.0
3304805;38749;41197;41212.0
3304904;1098357;960652;960196.0
3305000;36731;38708;38740.0
3305109;473385;466536;466503.0
3305133;7240;7315;7318.0
3305158;22032;22799;22813.0
3305208;107556;110556;110677.0
3305307;9416;7999;7993.0
3305406;18270;18289;18291.0
3305505;91938;95201;95315.0
3305554;83841;84737;84794.0
3305604;21775;22026;22028.0
3305703;15709;15690;15693.0
3305752;34898;32858;32865.0
3305802;185820;176692;176735.0
3305901;10653;10652;10654.0
3306008;82468;82300;82319.0
3306107;77202;71462;71449.0
3306156;11208;10559;10563.0
3306206;37262;35904;35907.0
3306305;274925;279898;279971.0
3500105;35153;35642;35673.0
3500204;3545;4478;4505.0
3500303;36981;32888;32886.0
3500402;8262;7470;7463.0
3500501;18908;18245;18257.0
3500550;6142;7407;7460.0
3500600;3588;2829;2928.0
3500709;37582;38879;38988.0
3500758;6231;6330;6373.0
3500808;4201;4556;4574.0
3500907;4211;3479;3467.0
3501004;16221;17156;17197.0
3501103;4078;3883;3874.0
3501152;18903;17591;17607.0
3501202;3616;3978;3979.0
3501301;25078;28250;28386.0
3501400;5320;4896;4901.0
3501509;3251;2923;2919.0
3501608;244370;246655;247571.0
3501707;41545;33757;33708.0
3501806;5993;5975;5981.0
3501905;73145;69717;69792.0
3502002;5115;4684;4694.0
3502101;57245;61473;61625.0
3502200;25724;24512;24573.0
3502309;6911;5766;5766.0
3502408;4172;4108;4118.0
3502507;36211;33223;33141.0
3502606;4122;4124;4112.0
3502705;24081;24886;24857.0
3502754;23343;22168;22314.0
3502804;199210;207775;208415.0
3502903;35389;33656;33832.0
3503000;5689;5526;5535.0
3503109;6373;7050;7076.0
3503158;2452;2355;2355.0
3503208;240542;252318;253474.0
3503307;136739;135331;135744.0
3503356;1755;2085;2089.0
3503406;8665;8280;8290.0
3503505;3906;3625;3617.0
3503604;11186;10257;10242.0
3503703;9851;7653;7621.0
3503802;56247;53157;53467.0
3503901;92453;89943;90273.0
3503950;1815;1873;1875.0
3504008;105768;104642;104858.0
3504107;145378;166043;167161.0
3504206;15316;13873;13856.0
3504305;5467;4519;4503.0
3504404;14063;11438;11436.0
3504503;91792;96098;96450.0
3504602;18013;28909;29346.0
3504701;6127;3963;3969.0
3504800;9209;9854;9902.0
3504909;11039;10109;10097.0
3505005;3525;3618;3632.0
3505104;7532;5659;5627.0
3505203;35844;32405;32406.0
3505302;36125;35159;35129.0
3505351;5794;5256;5254.0
3505401;7606;6922;6894.0
3505500;123546;126600;126957.0
3505609;33537;33181;33304.0
3505708;279704;330339;333737.0
3505807;20952;21900;21936.0
3505906;63438;59873;59939.0
3506003;381706;391740;392947.0
3506102;77612;78210;78257.0
3506201;3028;2642;2640.0
3506300;11168;11852;11881.0
3506359;66154;66873;67436.0
3506409;8197;7455;7464.0
3506508;126094;122988;123340.0
3506607;33265;30526;30564.0
3506706;15111;13135;13113.0
3506805;12571;11467;11480.0
3506904;12107;10688;10710.0
3507001;63310;63415;63850.0
3507100;26506;22501;22579.0
3507159;4013;3610;3609.0
3507209;839;928;932.0
3507308;4913;4823;4838.0
3507407;16278;14415;14405.0
3507456;2713;2787;2801.0
3507506;149718;150442;151053.0
3507605;172346;184634;185688.0
3507704;5795;5466;5477.0
3507753;2911;2605;2605.0
3507803;25605;26167;26314.0
3507902;24862;24423;24501.0
3508009;20050;20674;20731.0
3508108;17414;17597;17658.0
3508207;4547;4447;4458.0
3508306;4222;4362;4360.0
3508405;51130;48473;48654.0
3508504;95752;99678;100071.0
3508603;33827;32482;32534.0
3508702;19031;17266;17228.0
3508801;17917;16905;16907.0
3508900;4195;3745;3726.0
3509007;104044;98257;98549.0
3509106;6017;5585;5599.0
3509205;79034;97363;98365.0
3509254;28441;29257;29262.0
3509304;10649;9232;9210.0
3509403;26613;24217;24233.0
3509452;6088;6077;6090.0
3509502;1223237;1185977;1187974.0
3509601;86407;79663;79781.0
3509700;52713;47983;47956.0
3509809;5028;4991;5003.0
3509908;12542;12489;12491.0
3509957;5268;5049;5068.0
3510005;31410;30172;30157.0
3510104;2805;2951;2959.0
3510153;5365;6524;6589.0
3510203;47098;47403;47409.0
3510302;21257;23597;23777.0
3510401;56973;51318;51369.0
3510500;125194;141084;142248.0
3510609;405375;398462;398236.0
3510708;12371;11491;11476.0
3510807;30655;28786;28779.0
3510906;2488;2855;2861.0
3511003;21521;20418;20485.0
3511102;123114;119172;119275.0
3511201;7905;7105;7101.0
3511300;9452;13160;13314.0
3511409;20391;22076;22210.0
3511508;50631;46217;46391.0
3511607;18595;19588;19707.0
3511706;17539;15798;15814.0
3511904;8894;7087;7084.0
3512001;18601;18842;18880.0
3512100;6223;6781;6802.0
3512209;28491;29034;29132.0
3512308;18138;15381;15345.0
3512407;25116;25130;25286.0
3512506;6197;5498;5504.0
3512605;4591;4295;4271.0
3512704;4072;4285;4296.0
3512803;74662;61204;61167.0
3512902;7289;8968;9019.0
3513009;257882;287004;289493.0
3513108;35858;34252;34307.0
3513207;8803;9543;9600.0
3513306;2021;2129;2123.0
3513405;82895;76513;76444.0
3513504;132521;115082;114870.0
3513603;21373;22456;22460.0
3513702;34097;32622;32663.0
3513801;429550;404118;403579.0
3513850;1805;1641;1639.0
3513900;11027;11314;11305.0
3514007;9088;8958;8986.0
3514106;27704;24855;24847.0
3514205;2108;2250;2254.0
3514304;8883;8186;8169.0
3514403;47287;46664;46735.0
3514502;12421;12529;12532.0
3514601;10174;9719;9764.0
3514700;6026;6295;6291.0
3514809;15592;13162;13109.0
3514908;18095;18103;18168.0
3514924;3742;3189;3190.0
3514957;2446;2353;2349.0
3515004;279264;259323;259788.0
3515103;70402;68805;68913.0
3515129;3238;3062;3061.0
3515152;21712;20139;20261.0
3515186;44607;40681;40610.0
3515194;4926;4217;4214.0
3515202;8420;9655;9696.0
3515301;2774;2749;2751.0
3515350;9280;7928;7883.0
3515400;16102;16984;17029.0
3515509;69680;73286;73508.0
3515608;5805;6066;6080.0
3515657;1739;1689;1692.0
3515707;198661;185622;186479.0
3515806;1397;1492;1483.0
3515905;2884;2756;2747.0
3516002;14936;13171;13175.0
3516101;2631;3987;4022.0
3516200;358539;364331;365494.0
3516309;179372;171107;171476.0
3516408;158438;149786;150241.0
3516507;2776;2811;2813.0
3516606;6419;6435;6413.0
3516705;44429;43115;43081.0
3516804;4911;3235;3203.0
3516853;4841;4797;4806.0
3516903;10855;10449;10437.0
3517000;11485;10355;10337.0
3517109;4842;4173;4158.0
3517208;12416;11459;11478.0
3517307;5806;5606;5609.0
3517406;41283;40424;40489.0
3517505;22087;22316;22445.0
3517604;16896;17256;17225.0
3517703;21394;18790;18748.0
3517802;8258;7486;7453.0
3517901;11382;10542;10554.0
3518008;1996;1999;1999.0
3518107;6685;6531;6532.0
3518206;33257;31872;31888.0
3518305;30465;32436;32620.0
3518404;123192;121710;121916.0
3518503;19244;15268;15285.0
3518602;40857;38609;38678.0
3518701;324977;294973;294871.0
3518800;1404694;1345364;1349100.0
3518859;7760;7462;7474.0
3518909;5346;4276;4259.0
3519006;9649;9302;9316.0
3519055;15605;15596;15718.0
3519071;237570;247331;248842.0
3519105;12002;10633;10648.0
3519204;6269;6207;6197.0
3519253;9786;8257;8313.0
3519303;35830;33110;33160.0
3519402;12639;11934;11952.0
3519501;7926;6461;6450.0
3519600;61150;61908;62143.0
3519709;80062;77651;77801.0
3519808;8363;7969;7982.0
3519907;8228;7739;7739.0
3520004;24821;23430;23421.0
3520103;30791;26755;26696.0
3520202;9631;10904;10984.0
3520301;31117;29881;29891.0
3520400;36194;36329;36559.0
3520426;11552;13955;14104.0
3520442;26886;26240;26257.0
3520509;260690;267796;269657.0
3520608;4873;5191;5200.0
3520707;3876;4109;4113.0
3520806;4045;3671;3671.0
3520905;15165;13933;13935.0
3521002;38771;37999;38277.0
3521101;7824;6999;7027.0
3521150;5557;7037;7115.0
3521200;4180;4091;4083.0
3521309;16794;14691;14701.0
3521408;24982;22435;22500.0
3521507;8101;6946;6932.0
3521606;8356;7145;7120.0
3521705;17405;18258;18263.0
3521804;27632;25930;25979.0
3521903;15331;17420;17502.0
3522000;3937;3702;3715.0
3522109;104351;117435;118495.0
3522158;3332;3490;3497.0
3522208;179574;163928;163003.0
3522307;167106;163774;164256.0
3522406;95241;92324;92393.0
3522505;244131;241924;242995.0
3522604;75683;73919;74038.0
3522653;4294;4405;4420.0
3522703;43536;40464;40445.0
3522802;15197;14260;14245.0
3522901;14297;13984;14035.0
3523008;4994;4014;4002.0
3523107;379082;382521;382983.0
3523206;50778;45327;45213.0
3523305;17754;15762;15916.0
3523404;124254;126403;127112.0
3523503;21139;19427;19462.0
3523602;18610;16433;16454.0
3523701;6587;5861;5857.0
3523800;7862;8210;8227.0
3523909;177150;174561;175047.0
3524006;64330;74119;74994.0
3524105;42259;38451;38413.0
3524204;6963;6293;6280.0
3524303;78029;73467;73473.0
3524402;237119;249968;250952.0
3524501;7322;7878;7944.0
3524600;17911;16254;16216.0
3524709;59921;61801;62309.0
3524808;49291;50017;50078.0
3524907;6828;6575;6611.0
3525003;127734;121988;121550.0
3525102;45544;46868;47125.0
3525201;31173;39531;40007.0
3525300;153463;137323;137409.0
3525409;3143;3976;4000.0
3525508;13453;13095;13131.0
3525607;4577;4456;4464.0
3525706;37707;37859;37992.0
3525805;4824;4308;4302.0
3525854;3467;3123;3132.0
3525904;426935;460313;463039.0
3526001;20978;20878;20939.0
3526100;18627;17255;17184.0
3526209;31844;28007;27969.0
3526308;4882;5182;5183.0
3526407;29047;27009;27044.0
3526506;12581;9909;9940.0
3526605;7361;7328;7348.0
3526704;105273;101316;101537.0
3526803;69533;68395;68568.0
3526902;310783;300728;301292.0
3527009;8201;7147;7158.0
3527108;78978;76729;76844.0
3527207;89532;87370;87468.0
3527256;2311;1968;1962.0
3527306;51007;54111;54865.0
3527405;22022;20372;20378.0
3527504;2412;2419;2423.0
3527603;15628;12531;12564.0
3527702;5918;4751;4740.0
3527801;4608;4017;4004.0
3527900;2623;2699;2697.0
3528007;17263;17120;17140.0
3528106;8174;7587;7581.0
3528205;3686;4048;4058.0
3528304;3086;3212;3211.0
3528403;47723;51660;51888.0
3528502;103645;97399;97835.0
3528601;9972;10092;10122.0
3528700;6039;4627;4619.0
3528809;14069;12826;12804.0
3528858;3097;3392;3415.0
3528908;4098;3539;3526.0
3529005;242249;246627;247348.0
3529104;2101;1870;1862.0
3529203;26791;25299;25240.0
3529302;84069;80998;81075.0
3529401;481725;429380;429014.0
3529500;5638;6369;6420.0
3529609;3813;4697;4721.0
3529658;1903;1988;1990.0
3529708;22480;19655;19621.0
3529807;13023;11349;11322.0
3529906;19511;18679;18610.0
3530003;3125;3199;3209.0
3530102;29844;28737;28754.0
3530201;18415;16069;16031.0
3530300;60768;65485;65811.0
3530409;4966;4771;4783.0
3530508;69072;69324;69372.0
3530607;455587;468120;470302.0
3530706;154146;159735;160318.0
3530805;94098;95534;95742.0
3530904;3523;3815;3830.0
3531001;2274;1954;1947.0
3531100;58567;64519;64845.0
3531209;8181;8873;8923.0
3531308;51039;48725;48758.0
3531407;25651;22650;22668.0
3531506;18928;18363;18337.0
3531605;4166;4301;4306.0
3531704;4739;4205;4205.0
3531803;61707;67296;67832.0
3531902;33598;28561;28521.0
3532009;13936;14081;14147.0
3532058;4831;4079;4071.0
3532108;4525;3763;3748.0
3532157;3215;2699;2697.0
3532207;4950;5908;5956.0
3532306;6624;7134;7155.0
3532405;18866;18620;18675.0
3532504;8917;9921;9953.0
3532603;11575;9944;9915.0
3532702;5381;4860;4876.0
3532801;7161;6858;6885.0
3532827;9962;8631;8630.0
3532843;1824;2058;2055.0
3532868;1290;1074;1072.0
3532900;11519;9459;9459.0
3533007;21871;19725;19733.0
3533106;2333;2188;2188.0
3533205;4135;4795;4847.0
3533254;6057;4469;4463.0
3533304;4217;2838;2817.0
3533403;61716;64228;64596.0
3533502;41765;39435;39494.0
3533601;7522;7550;7570.0
3533700;4294;4412;4418.0
3533809;2447;2540;2535.0
3533908;55477;56701;56874.0
3534005;4462;4912;4942.0
3534104;6569;6180;6180.0
3534203;7318;6145;6157.0
3534302;44682;39193;39144.0
3534401;701428;756952;759524.0
3534500;2603;2504;2502.0
3534609;33118;32099;32112.0
3534708;115139;106877;106911.0
3534757;10712;10596;10660.0
3534807;8676;7901;7900.0
3534906;14326;15217;15273.0
3535002;13285;11689;11704.0
3535101;13691;9709;9666.0
3535200;9173;8994;8971.0
3535309;22322;19767;19714.0
3535408;15944;15214;15227.0
3535507;46180;42087;42049.0
3535606;18302;17950;17959.0
3535705;6536;6211;6218.0
3535804;20588;19799;19853.0
3535903;4112;4111;4118.0
3536000;10934;10729;10720.0
3536109;6579;7382;7435.0
3536208;19797;19576;19603.0
3536257;2177;3001;3030.0
3536307;14941;14837;14888.0
3536406;7540;8200;8255.0
3536505;114508;115690;116674.0
3536570;1835;2146;2156.0
3536604;8973;7430;7390.0
3536703;47523;46223;46337.0
3536802;6127;6718;6745.0
3536901;2468;2848;2856.0
3537008;16876;15742;15737.0
3537107;48992;44332;44385.0
3537156;3109;2838;2833.0
3537206;11507;11539;11617.0
3537305;64098;63317;63426.0
3537404;25685;24389;24360.0
3537503;8875;8969;9013.0
3537602;69697;70543;70629.0
3537701;6093;5623;5631.0
3537800;55731;54237;54266.0
3537909;29612;28417;28459.0
3538006;171885;172027;172681.0
3538105;17378;14721;14704.0
3538204;15564;15605;15676.0
3538303;3706;3296;3287.0
3538501;13495;12570;12516.0
3538600;27617;26764;26795.0
3538709;410275;438827;440835.0
3538808;29930;30261;30294.0
3538907;25939;22743;22734.0
3539004;11524;11076;11085.0
3539103;19453;18836;18925.0
3539202;27974;26065;26097.0
3539301;77330;75475;75594.0
3539400;13890;15554;15657.0
3539509;40430;34416;34361.0
3539608;5370;4454;4451.0
3539707;3606;3061;3055.0
3539806;119221;106431;106355.0
3539905;6166;5696;5702.0
3540002;22326;20512;20520.0
3540101;3385;3443;3440.0
3540200;51717;38376;38286.0
3540259;4719;4196;4198.0
3540309;2576;2415;2411.0
3540408;4136;4185;4182.0
3540507;10205;10773;10850.0
3540606;53698;58345;58605.0
3540705;56848;53940;53966.0
3540754;25603;20767;20801.0
3540804;17668;18994;19097.0
3540853;4327;2599;2589.0
3540903;22239;17309;17299.0
3541000;336454;365577;368539.0
3541059;5371;5246;5264.0
3541109;4067;3841;3830.0
3541208;12943;14772;14803.0
3541307;44572;40383;40322.0
3541406;231953;234083;234706.0
3541505;39648;35902;35810.0
3541604;41211;35991;35973.0
3541653;3902;3472;3477.0
3541703;14309;13399;13412.0
3541802;3513;3351;3366.0
3541901;13788;9146;9074.0
3542008;6736;7225;7260.0
3542107;9126;9133;9145.0
3542206;29743;29305;29387.0
3542305;3827;4611;4637.0
3542404;20523;20565;20620.0
3542503;10047;7808;7820.0
3542602;56463;61732;61927.0
3542701;7762;6492;6486.0
3542800;3320;3166;3158.0
3542909;13376;11079;11040.0
3543006;15984;18930;18942.0
3543105;4786;4706;4717.0
3543204;4537;4768;4776.0
3543238;2222;2045;2040.0
3543253;7686;7570;7571.0
3543303;125238;118877;118954.0
3543402;720116;728400;731639.0
3543501;5364;5647;5628.0
3543600;3651;4158;4179.0
3543709;10824;9145;9101.0
3543808;9940;9357;9334.0
3543907;209548;208857;210323.0
3544004;36233;32267;32329.0
3544103;52009;45317;45324.0
3544202;12856;10453;10444.0
3544251;15929;17533;17434.0
3544301;10888;11095;11137.0
3544400;3195;2741;2740.0
3544509;3191;3965;3998.0
3544608;5638;5185;5182.0
3544707;2427;2519;2522.0
3544806;6481;6612;6645.0
3544905;12103;11654;11683.0
3545001;17363;15396;15381.0
3545100;5372;4883;4883.0
3545159;8498;8371;8407.0
3545209;120779;140125;141111.0
3545308;46285;45138;45262.0
3545407;9396;9212;9221.0
3545506;4405;3699;3697.0
3545605;15639;14203;14193.0
3545704;6036;6543;6566.0
3545803;195278;189338;189456.0
3546009;14925;14212;14219.0
3546108;2111;2677;2694.0
3546207;4584;4365;4375.0
3546256;2166;2162;2168.0
3546306;35102;29525;29489.0
3546405;48207;47677;47759.0
3546504;5577;6256;6274.0
3546603;32796;36098;36288.0
3546702;27850;24107;23192.0
3546801;58529;54586;54691.0
3546900;8889;7181;7144.0
3547007;6298;5314;5308.0
3547106;2947;3012;3017.0
3547205;1448;1698;1699.0
3547304;145073;162341;163787.0
3547403;2476;2790;2796.0
3547502;27641;25060;24996.0
3547601;26960;23725;23710.0
3547650;1558;1686;1692.0
3547700;20855;18045;17960.0
3547809;723889;778711;782048.0
3547908;7024;6917;6933.0
3548005;23742;23779;23867.0
3548054;8541;8568;8593.0
3548104;5926;6237;6243.0
3548203;6843;7294;7314.0
3548302;3159;3063;3069.0
3548401;4856;3933;3921.0
3548500;433991;429567;429547.0
3548609;10907;11948;11989.0
3548708;849874;840499;841154.0
3548807;162763;172109;172693.0
3548906;256915;265294;266427.0
3549003;2813;2629;2623.0
3549102;92315;95762;96080.0
3549201;2555;2622;2623.0
3549250;1942;1880;1882.0
3549300;2095;2288;2293.0
3549409;52737;49815;49885.0
3549508;8991;7690;7664.0
3549607;4141;3898;3888.0
3549706;55298;53416;53427.0
3549805;469173;501597;504166.0
3549904;737310;724756;727078.0
3549953;16127;16458;16479.0
3550001;10693;10497;10487.0
3550100;41287;38166;38131.0
3550209;33071;32904;32924.0
3550308;12396372;11895578;11904961.0
3550407;36298;39725;39855.0
3550506;7724;7333;7333.0
3550605;93076;81342;81366.0
3550704;91637;84019;84280.0
3550803;12137;10484;10428.0
3550902;15446;13590;13560.0
3551009;370839;338407;338326.0
3551108;10493;10632;10677.0
3551207;3623;3769;3772.0
3551306;3595;3187;3191.0
3551405;15292;13058;13108.0
3551504;46166;45408;45580.0
3551603;29669;30920;31047.0
3551702;128432;131600;132176.0
3551801;12731;12912;12903.0
3551900;17820;14724;14693.0
3552007;6375;6313;6329.0
3552106;41690;41405;41527.0
3552205;695328;757459;762172.0
3552304;7738;7466;7464.0
3552403;289875;289787;291116.0
3552502;303397;318765;320261.0
3552551;4063;3464;3465.0
3552601;12561;11499;11498.0
3552700;16787;14994;14997.0
3552809;297528;284274;285307.0
3552908;6371;6399;6418.0
3553005;14415;13006;13068.0
3553104;6346;5751;5744.0
3553203;5562;6733;6770.0
3553302;23255;21682;21650.0
3553401;26231;26021;26071.0
3553500;7725;8122;8122.0
3553609;12940;11936;11903.0
3553658;2815;2652;2649.0
3553708;57547;53322;53264.0
3553807;23292;24863;24932.0
3553856;5968;7112;7170.0
3553906;7609;6635;6633.0
3553955;15361;15248;15315.0
3554003;124134;128560;129130.0
3554102;320820;321298;322397.0
3554201;4452;4142;4119.0
3554300;23395;22559;22598.0
3554409;9502;7985;7965.0
3554508;42946;38690;38723.0
3554607;2647;2490;2484.0
3554656;2432;2063;2056.0
3554706;10100;9484;9484.0
3554755;1752;1719;1724.0
3554805;48228;53083;53426.0
3554904;5856;7013;7060.0
3554953;7058;6947;6976.0
3555000;65615;65416;65433.0
3555109;15670;16206;16259.0
3555208;2024;1839;1835.0
3555307;1667;1672;1662.0
3555356;6488;5456;5458.0
3555406;92819;96598;97096.0
3555505;4828;5265;5289.0
3555604;10191;10627;10670.0
3555703;1886;1628;1628.0
3555802;9125;8973;8973.0
3555901;1142;1419;1424.0
3556008;13965;14038;14073.0
3556107;13732;14531;14634.0
3556206;133169;131277;132258.0
3556305;27154;24723;24779.0
3556354;10842;10805;10863.0
3556404;43368;41226;41256.0
3556453;54315;52103;52352.0
3556503;124269;119576;119655.0
3556602;10804;10294;10274.0
3556701;81516;79235;79089.0
3556800;19133;17681;17685.0
3556909;9163;8327;8368.0
3556958;1852;1826;1828.0
3557006;124468;132849;133510.0
3557105;96106;100159;100568.0
3557154;2784;2761;2773.0
3557204;12418;12411;12415.0
3557303;11507;11566;11609.0
