CD_MUN,Hierarquia_REGIC
3100104,Centro Local
3100203,Centro de Zona
3100302,Centro Local
3100401,Centro Local
3100500,Centro Local
3100609,Centro Local
3100708,Centro Local
3100807,Centro Local
3100906,Centro de Zona
3101003,Centro Local
3101102,Centro Local
3101201,Centro de Zona
3101300,Centro Local
3101409,Centro Local
3101508,Centro Subregional
3101607,Centro Subregional
3101706,Centro Subregional
3101805,Centro Local
3101904,Centro Local
3102001,Centro Local
3102050,Centro Local
3102100,Centro Local
3102209,Centro Local
3102308,Centro Local
3102407,Centro Local
3102506,Centro Local
3102605,Centro de Zona
3102704,Centro Local
3102803,Centro Local
3102852,Centro Local
3103009,Centro Local
3103108,Centro Local
3103207,Centro Local
3103306,Centro Local
3103405,Centro Subregional
3103504,Centro Subregional
3103603,Centro Local
3103702,Centro Local
3103801,Centro Local
3103900,Centro Local
3104007,Centro Subregional
3104106,Centro Local
3104205,Centro de Zona
3104304,Centro Local
3104403,Centro Local
3104452,Centro Local
3104502,Centro Local
3104601,Centro Local
3104700,Centro Local
3104809,Centro Local
3105004,Centro Local
3105103,Centro de Zona
3105202,Centro Local
3105301,Centro Local
3105400,Centro Local
3105509,Centro Local
3105608,Centro Subregional
3105707,Centro Local
3105905,Centro Local
3106101,Centro Local
3106200,Metrópole
3106408,Centro Local
3106507,Centro Local
3106606,Centro Local
3106655,Centro Local
3106804,Centro Local
3106903,Centro Local
3107000,Centro Local
3107109,Centro de Zona
3107208,Centro Local
3107307,Centro de Zona
3107406,Centro Subregional
3107505,Centro Local
3107604,Centro Local
3107703,Centro Local
3107802,Centro Local
3107901,Centro Local
3108008,Centro de Zona
3108107,Centro Local
3108206,Centro Local
3108255,Centro Local
3108305,Centro de Zona
3108404,Centro Local
3108503,Centro Local
3108552,Centro Local
3108602,Centro de Zona
3108701,Centro Local
3108800,Centro Local
3108909,Centro Local
3109105,Centro Local
3109204,Centro Local
3109303,Centro Local
3109451,Centro Local
3109501,Centro Local
3109600,Centro Local
3109709,Centro Local
3109808,Centro Local
3110103,Centro Local
3110301,Centro Local
3110400,Centro Local
3110509,Centro Local
3110608,Centro de Zona
3110707,Centro Local
3110806,Centro Local
3110905,Centro Local
3111002,Centro Local
3111101,Centro Local
3111150,Centro Local
3111200,Centro Subregional
3111309,Centro Local
3111408,Centro Local
3111507,Centro Local
3111606,Centro Local
3111705,Centro Local
3111804,Centro Local
3111903,Centro Local
3112000,Centro Local
3112059,Centro Local
3112109,Centro Local
3112208,Centro Local
3112307,Centro de Zona
3112406,Centro Local
3112604,Centro de Zona
3112653,Centro Local
3112703,Centro Local
3112802,Centro Local
3112901,Centro Local
3113008,Centro Local
3113107,Centro Local
3113206,Centro Local
3113305,Centro de Zona
3113404,Centro Subregional
3113503,Centro Local
3113602,Centro Local
3113701,Centro Local
3113800,Centro Local
3113909,Centro Local
3114006,Centro Local
3114105,Centro Local
3114204,Centro Local
3114303,Centro Local
3114402,Centro Local
3114501,Centro Local
3114550,Centro Local
3114600,Centro Local
3114709,Centro Local
3114808,Centro Local
3114907,Centro Local
3115003,Centro Local
3115102,Centro Local
3115201,Centro Local
3115300,Centro Subregional
3115359,Centro Local
3115409,Centro Local
3115474,Centro Local
3115508,Centro Subregional
3115607,Centro Local
3115706,Centro Local
3115805,Centro Local
3116001,Centro Local
3116100,Centro Local
3116159,Centro Local
3116308,Centro Local
3116506,Centro Local
3116605,Centro Local
3116704,Centro Local
3116803,Centro de Zona
3116902,Centro Local
3117009,Centro Local
3117108,Centro Local
3117207,Centro Local
3117306,Centro Local
3117405,Centro Local
3117504,Centro Local
3117702,Centro Local
3117801,Centro Local
3117836,Centro Local
3117900,Centro Local
3118106,Centro Local
3118205,Centro Local
3118304,Centro Subregional
3118403,Centro Local
3118502,Centro Local
3118700,Centro Local
3118809,Centro Local
3118908,Centro Local
3119005,Centro Local
3119104,Centro de Zona
3119203,Centro Local
3119302,Centro Local
3119500,Centro Local
3119609,Centro Local
3119807,Centro Local
3119955,Centro Local
3120003,Centro Local
3120102,Centro Local
3120151,Centro Local
3120201,Centro Local
3120300,Centro Local
3120409,Centro Local
3120508,Centro Local
3120607,Centro Local
3120706,Centro Local
3120805,Centro de Zona
3120839,Centro Local
3120870,Centro Local
3120904,Centro Subregional
3121001,Centro Local
3121100,Centro Local
3121209,Centro Local
3121308,Centro Local
3121407,Centro Local
3121506,Centro Local
3121605,Centro Subregional
3121704,Centro Local
3121803,Centro Local
3121902,Centro Local
3122009,Centro de Zona
3122108,Centro Local
3122207,Centro Local
3122306,Capital Regional
3122355,Centro Local
3122405,Centro Local
3122454,Centro Local
3122470,Centro Local
3122504,Centro Local
3122603,Centro Local
3122702,Centro de Zona
3122801,Centro Local
3122900,Centro Local
3123007,Centro Local
3123106,Centro Local
3123205,Centro de Zona
3123304,Centro Local
3123403,Centro Local
3123502,Centro Local
3123528,Centro Local
3123601,Centro Local
3123700,Centro Local
3123809,Centro Local
3123858,Centro Local
3123908,Centro Local
3124005,Centro Local
3124203,Centro de Zona
3124302,Centro Local
3124401,Centro Local
3124500,Centro Local
3124609,Centro Local
3124708,Centro Local
3124807,Centro Local
3124906,Centro Local
3125101,Centro Subregional
3125200,Centro Local
3125309,Centro Local
3125408,Centro Local
3125507,Centro Local
3125606,Centro Local
3125705,Centro Local
3125804,Centro Local
3125903,Centro Local
3125952,Centro Local
3126000,Centro Local
3126109,Centro Subregional
3126208,Centro Local
3126406,Centro Local
3126505,Centro Local
3126604,Centro Local
3126703,Centro Local
3126752,Centro Local
3126802,Centro Local
3126901,Centro Local
3126950,Centro Local
3127008,Centro Local
3127057,Centro Local
3127073,Centro Local
3127107,Centro Subregional
3127206,Centro Local
3127305,Centro Local
3127339,Centro Local
3127354,Centro Local
3127370,Centro Local
3127388,Centro Local
3127404,Centro Local
3127503,Centro Local
3127602,Centro Local
3127701,Capital Regional
3127800,Centro Local
3127909,Centro Local
3128006,Centro Subregional
3128105,Centro Local
3128204,Centro Local
3128253,Centro Local
3128303,Centro Local
3128402,Centro Local
3128600,Centro Local
3128709,Centro Subregional
3128808,Centro Local
3128907,Centro Local
3129004,Centro Local
3129103,Centro Local
3129202,Centro Local
3129301,Centro Local
3129400,Centro Local
3129509,Centro Local
3129608,Centro Local
3129657,Centro Local
3129707,Centro Local
3129905,Centro Local
3130002,Centro Local
3130051,Centro Local
3130200,Centro Local
3130309,Centro Local
3130507,Centro Local
3130556,Centro Local
3130606,Centro Local
3130655,Centro Local
3130705,Centro Local
3130804,Centro Local
3130903,Centro de Zona
3131208,Centro de Zona
3131307,Capital Regional
3131406,Centro Local
3131505,Centro Local
3131604,Centro Local
3131703,Centro Subregional
3131802,Centro de Zona
3131901,Centro Local
3132008,Centro Local
3132107,Centro Local
3132206,Centro Local
3132305,Centro Local
3132404,Centro Subregional
3132503,Centro de Zona
3132602,Centro Local
3132701,Centro Local
3132800,Centro Local
3132909,Centro Local
3133006,Centro Local
3133105,Centro Local
3133204,Centro Local
3133303,Centro de Zona
3133402,Centro Local
3133501,Centro de Zona
3133600,Centro Local
3133758,Centro Local
3133808,Centro Subregional
3133907,Centro Local
3134004,Centro Local
3134103,Centro Local
3134202,Centro Subregional
3134400,Centro Subregional
3134509,Centro Local
3134608,Centro Local
3134707,Centro Local
3134806,Centro Local
3134905,Centro Local
3135050,Centro Local
3135076,Centro Local
3135100,Centro Subregional
3135209,Centro Subregional
3135357,Centro Local
3135456,Centro Local
3135506,Centro Local
3135605,Centro Local
3135704,Centro Local
3135803,Centro de Zona
3135902,Centro Local
3136009,Centro Local
3136108,Centro Local
3136207,Centro Subregional
3136306,Centro de Zona
3136405,Centro Local
3136504,Centro Local
3136520,Centro Local
3136553,Centro Local
3136579,Centro Local
3136603,Centro Local
3136702,Capital Regional
3136801,Centro Local
3136900,Centro Local
3136959,Centro Local
3137007,Centro Local
3137106,Centro Local
3137205,Centro de Zona
3137304,Centro Local
3137403,Centro Local
3137502,Centro Local
3137536,Centro Local
3137700,Centro Local
3137809,Centro de Zona
3137908,Centro Local
3138005,Centro Local
3138104,Centro Local
3138203,Centro Subregional
3138351,Centro Local
3138401,Centro de Zona
3138500,Centro Local
3138609,Centro Local
3138625,Centro Local
3138658,Centro Local
3138674,Centro Local
3138682,Centro Local
3138708,Centro Local
3138807,Centro de Zona
3138906,Centro Local
3139003,Centro de Zona
3139102,Centro Local
3139201,Centro de Zona
3139250,Centro Local
3139300,Centro Local
3139409,Centro Subregional
3139508,Centro Local
3139607,Centro Local
3139706,Centro Local
3139805,Centro Local
3139904,Centro Local
3140001,Centro Local
3140100,Centro Local
3140209,Centro Local
3140407,Centro Local
3140506,Centro Local
3140530,Centro Local
3140555,Centro Local
3140605,Centro Local
3140704,Centro Local
3140852,Centro Local
3140902,Centro Local
3141009,Centro de Zona
3141108,Centro Local
3141207,Centro Local
3141306,Centro Local
3141405,Centro de Zona
3141504,Centro Local
3141603,Centro Local
3141702,Centro Local
3141801,Centro de Zona
3141900,Centro Local
3142007,Centro Local
3142106,Centro Local
3142205,Centro Local
3142254,Centro Local
3142304,Centro Local
3142403,Centro Local
3142502,Centro Local
3142601,Centro Local
3142700,Centro de Zona
3142809,Centro Local
3142908,Centro de Zona
3143005,Centro Local
3143104,Centro Subregional
3143153,Centro Local
3143203,Centro Local
3143302,Capital Regional
3143401,Centro Local
3143450,Centro Local
3143500,Centro Local
3143609,Centro Local
3143708,Centro Local
3143807,Centro Local
3143906,Centro Subregional
3144003,Centro Local
3144102,Centro Local
3144201,Centro Local
3144300,Centro de Zona
3144375,Centro Local
3144409,Centro Local
3144508,Centro Local
3144607,Centro Local
3144656,Centro Local
3144672,Centro Local
3144706,Centro Local
3144904,Centro Local
3145000,Centro Local
3145109,Centro Local
3145208,Centro Subregional
3145307,Centro Local
3145356,Centro Local
3145372,Centro Local
3145406,Centro Local
3145455,Centro Local
3145505,Centro Local
3145604,Centro Subregional
3145703,Centro Local
3145802,Centro Local
3145877,Centro Local
3146008,Centro de Zona
3146107,Centro Subregional
3146206,Centro Local
3146255,Centro Local
3146305,Centro de Zona
3146404,Centro Local
3146503,Centro Local
3146552,Centro Local
3146602,Centro Local
3146701,Centro Local
3146750,Centro Local
3146909,Centro Local
3147006,Centro Subregional
3147105,Centro Subregional
3147204,Centro Local
3147303,Centro de Zona
3147402,Centro Local
3147501,Centro Local
3147600,Centro Local
3147709,Centro Local
3147808,Centro Local
3147907,Centro Subregional
3147956,Centro Local
3148004,Centro Subregional
3148103,Centro Subregional
3148202,Centro Local
3148301,Centro Local
3148400,Centro Local
3148509,Centro Local
3148608,Centro de Zona
3148707,Centro de Zona
3148756,Centro Local
3148806,Centro Local
3148905,Centro Local
3149002,Centro Local
3149101,Centro Local
3149150,Centro Local
3149200,Centro Local
3149408,Centro Local
3149507,Centro Local
3149606,Centro Local
3149705,Centro Local
3149804,Centro Local
3149903,Centro Local
3149952,Centro Local
3150000,Centro Local
3150109,Centro Local
3150158,Centro Local
3150208,Centro Local
3150307,Centro Local
3150406,Centro Local
3150505,Centro Local
3150539,Centro Local
3150570,Centro Local
3150604,Centro Local
3150703,Centro Local
3150802,Centro Local
3151206,Centro Subregional
3151305,Centro Local
3151404,Centro Local
3151503,Centro de Zona
3151602,Centro Local
3151701,Centro Local
3151800,Capital Regional
3151909,Centro Local
3152006,Centro Local
3152105,Centro Subregional
3152131,Centro Local
3152170,Centro Local
3152204,Centro de Zona
3152303,Centro Local
3152402,Centro Local
3152501,Capital Regional
3152600,Centro Local
3152709,Centro Local
3152808,Centro Local
3152907,Centro Local
3153004,Centro Local
3153103,Centro Local
3153202,Centro Local
3153301,Centro Local
3153400,Centro Local
3153509,Centro Local
3153707,Centro Local
3154002,Centro Local
3154101,Centro Local
3154150,Centro Local
3154200,Centro Local
3154309,Centro de Zona
3154408,Centro Local
3154457,Centro Local
3154507,Centro Local
3154903,Centro Local
3155009,Centro Local
3155108,Centro Local
3155207,Centro Local
3155306,Centro Local
3155405,Centro Local
3155504,Centro Local
3155603,Centro Local
3155702,Centro Local
3155801,Centro de Zona
3156007,Centro Local
3156106,Centro Local
3156205,Centro Local
3156403,Centro Local
3156452,Centro Local
3156502,Centro Local
3156601,Centro Local
3156809,Centro Local
3156908,Centro Local
3157005,Centro de Zona
3157104,Centro Local
3157203,Centro Local
3157252,Centro Local
3157278,Centro Local
3157302,Centro Local
3157377,Centro Local
3157401,Centro Local
3157500,Centro Local
3157609,Centro Local
3157658,Centro Local
3157708,Centro Local
3157906,Centro Local
3158003,Centro Local
3158102,Centro Local
3158201,Centro de Zona
3158300,Centro Local
3158409,Centro Local
3158508,Centro Local
3158706,Centro Local
3158805,Centro Local
3158904,Centro Local
3159001,Centro Local
3159100,Centro Local
3159209,Centro Local
3159308,Centro Local
3159357,Centro Local
3159407,Centro Local
3159506,Centro Local
3159605,Centro Subregional
3159704,Centro Local
3159803,Centro Local
3159902,Centro Local
3160009,Centro Local
3160108,Centro Local
3160207,Centro Local
3160306,Centro Local
3160405,Centro Local
3160454,Centro Local
3160504,Centro Local
3160603,Centro Local
3160702,Centro Local
3160801,Centro Local
3160959,Centro Local
3161007,Centro Local
3161056,Centro Local
3161106,Centro de Zona
3161205,Centro Local
3161304,Centro Local
3161403,Centro Local
3161502,Centro Local
3161601,Centro Local
3161650,Centro Local
3161700,Centro Local
3161809,Centro Local
3161908,Centro Local
3162005,Centro Local
3162104,Centro de Zona
3162203,Centro Local
3162252,Centro Local
3162302,Centro Local
3162401,Centro Local
3162450,Centro Local
3162500,Centro Subregional
3162559,Centro Local
3162575,Centro Local
3162609,Centro Local
3162658,Centro Local
3162708,Centro de Zona
3162807,Centro de Zona
3162906,Centro Local
3162948,Centro Local
3163003,Centro Local
3163102,Centro Local
3163300,Centro Local
3163409,Centro Local
3163508,Centro Local
3163607,Centro Local
3163706,Centro Subregional
3163805,Centro Local
3163904,Centro Local
3164001,Centro Local
3164100,Centro Local
3164209,Centro Local
3164308,Centro Local
3164407,Centro Local
3164431,Centro Local
3164472,Centro Local
3164506,Centro Local
3164605,Centro Local
3164704,Centro Subregional
3164803,Centro Local
3165008,Centro Local
3165107,Centro Local
3165206,Centro Local
3165305,Centro Local
3165404,Centro Local
3165503,Centro Local
3165552,Centro Local
3165560,Centro Local
3165578,Centro Local
3165602,Centro Local
3165701,Centro Local
3165800,Centro Local
3165909,Centro Local
3166006,Centro Local
3166105,Centro Local
3166204,Centro Local
3166303,Centro Local
3166501,Centro Local
3166600,Centro Local
3166709,Centro Local
3166808,Centro Local
3166907,Centro Local
3166956,Centro Local
3167004,Centro Local
3167103,Centro de Zona
3167202,Capital Regional
3167301,Centro Local
3167400,Centro Local
3167608,Centro Local
3167707,Centro Local
3167905,Centro Local
3168002,Centro de Zona
3168051,Centro Local
3168200,Centro Local
3168309,Centro Local
3168408,Centro Local
3168507,Centro Local
3168606,Capital Regional
3168903,Centro Local
3169000,Centro Local
3169059,Centro Local
3169109,Centro Local
3169208,Centro Local
3169307,Centro Subregional
3169356,Centro Local
3169406,Centro de Zona
3169505,Centro Local
3169604,Centro Local
3169703,Centro de Zona
3169802,Centro Local
3169901,Centro Subregional
3170008,Centro Local
3170057,Centro Local
3170107,Capital Regional
3170206,Capital Regional
3170305,Centro Local
3170404,Centro Subregional
3170438,Centro Local
3170479,Centro Local
3170503,Centro Local
3170529,Centro Local
3170578,Centro Local
3170602,Centro Local
3170651,Centro Local
3170701,Capital Regional
3170750,Centro Local
3170800,Centro de Zona
3170909,Centro de Zona
3171006,Centro Local
3171030,Centro Local
3171071,Centro Local
3171105,Centro Local
3171154,Centro Local
3171303,Centro Subregional
3171402,Centro Local
3171501,Centro Local
3171600,Centro Local
3171709,Centro Local
3171808,Centro de Zona
3171907,Centro Local
3172004,Centro de Zona
3172103,Centro Local
3200102,Centro de Zona
3200136,Centro Local
3200169,Centro Local
3200201,Centro Local
3200300,Centro Local
3200359,Centro Local
3200409,Centro Local
3200508,Centro Local
3200607,Centro Subregional
3200706,Centro Local
3200805,Centro de Zona
3200904,Centro de Zona
3201001,Centro Local
3201159,Centro Local
3201209,Capital Regional
3201407,Centro Local
3201506,Centro Subregional
3201605,Centro Local
3201704,Centro Local
3201803,Centro Local
3201902,Centro Local
3202009,Centro Local
3202108,Centro Local
3202256,Centro Local
3202306,Centro de Zona
3202405,Centro Subregional
3202454,Centro Local
3202504,Centro Local
3202553,Centro Local
3202603,Centro Local
3202652,Centro Local
3202702,Centro Local
3202801,Centro Local
3202900,Centro Local
3203007,Centro de Zona
3203056,Centro Local
3203106,Centro Local
3203130,Centro Local
3203163,Centro Local
3203205,Centro Subregional
3203304,Centro Local
3203320,Centro Local
3203346,Centro Local
3203353,Centro Local
3203403,Centro Local
3203502,Centro de Zona
3203700,Centro Local
3203809,Centro Local
3203908,Centro Subregional
3204005,Centro Local
3204054,Centro Local
3204104,Centro Local
3204203,Centro Local
3204252,Centro Local
3204302,Centro Local
3204351,Centro Local
3204401,Centro Local
3204500,Centro Local
3204559,Centro Local
3204609,Centro Local
3204658,Centro Local
3204708,Centro Local
3204807,Centro Local
3204906,Centro Subregional
3204955,Centro Local
3205010,Centro Local
3205036,Centro Local
3205069,Centro Local
3205150,Centro Local
3205176,Centro Local
3205309,Metrópole
3300100,Centro Subregional
3300209,Centro Subregional
3300308,Centro Subregional
3300506,Centro Local
3300605,Centro de Zona
3300704,Capital Regional
3300803,Centro Local
3300902,Centro Local
3301009,Capital Regional
3301157,Centro Local
3301207,Centro Local
3301504,Centro Local
3301603,Centro Local
3302056,Centro Local
3302106,Centro de Zona
3302205,Centro Subregional
3302304,Centro Local
3302403,Capital Regional
3302452,Centro Local
3302809,Centro Local
3303005,Centro Local
3303104,Centro Local
3303401,Centro Subregional
3303807,Centro Local
3303856,Centro Local
3303906,Capital Regional
3304003,Centro Local
3304102,Centro Local
3304151,Centro Local
3304201,Centro Subregional
3304300,Centro Subregional
3304409,Centro Local
3304508,Centro Local
3304557,Metrópole
3304607,Centro Local
3304706,Centro Subregional
3304755,Centro Local
3304805,Centro Local
3305133,Centro Local
3305158,Centro Local
3305307,Centro Local
3305604,Centro Local
3305703,Centro Local
3305802,Centro Subregional
3305901,Centro Local
3306008,Centro Subregional
3306107,Centro de Zona
3306156,Centro Local
3306206,Centro Local
3306305,Capital Regional
3500105,Centro Subregional
3500204,Centro Local
3500303,Centro Local
3500501,Centro Local
3500550,Centro Local
3500709,Centro de Zona
3500907,Centro Local
3501004,Centro Local
3501103,Centro Local
3501400,Centro Local
3501509,Centro Local
3501608,Capital Regional
3501806,Centro Local
3501905,Centro Subregional
3502002,Centro Local
3502101,Centro Subregional
3502200,Centro Local
3502309,Centro Local
3502606,Centro Local
3502705,Centro de Zona
3502754,Centro Local
3502804,Capital Regional
3503109,Centro Local
3503158,Centro Local
3503208,Capital Regional
3503307,Centro Subregional
3503406,Centro Local
3503505,Centro Local
3503604,Centro Local
3503802,Centro Local
3503950,Centro Local
3504008,Centro Subregional
3504107,Centro Subregional
3504206,Centro de Zona
3504305,Centro Local
3504404,Centro Local
3504503,Centro Subregional
3504909,Centro Local
3505005,Centro Local
3505104,Centro Local
3505203,Centro de Zona
3505302,Centro Local
3505351,Centro Local
3505401,Centro Local
3505500,Capital Regional
3505609,Centro Local
3505807,Centro Local
3505906,Centro de Zona
3506003,Capital Regional
3506102,Centro Subregional
3506300,Centro Local
3506359,Centro Local
3506409,Centro Local
3506508,Centro Subregional
3506706,Centro Local
3506805,Centro Local
3506904,Centro Local
3507001,Centro de Zona
3507159,Centro Local
3507308,Centro Local
3507407,Centro Local
3507456,Centro Local
3507506,Centro Subregional
3507605,Centro Subregional
3507902,Centro Local
3508009,Centro Local
3508108,Centro de Zona
3508207,Centro Local
3508306,Centro Local
3508603,Centro Local
3508702,Centro Local
3508801,Centro Local
3509254,Centro Local
3509304,Centro Local
3509403,Centro Local
3509452,Centro Local
3509502,Metrópole
3509700,Centro de Zona
3509809,Centro Local
3509908,Centro Local
3510005,Centro Local
3510104,Centro Local
3510203,Centro Subregional
3510302,Centro Local
3510401,Centro Subregional
3510500,Centro Subregional
3510708,Centro Local
3510807,Centro Local
3510906,Centro Local
3511003,Centro Local
3511102,Capital Regional
3511409,Centro Local
3511508,Centro Subregional
3511607,Centro Local
3511904,Centro Local
3512001,Centro Local
3512209,Centro Local
3512308,Centro Local
3512407,Centro Local
3512605,Centro Local
3512704,Centro Local
3512902,Centro Local
3513306,Centro Local
3513405,Centro Subregional
3513603,Centro Local
3513702,Centro Local
3513900,Centro Local
3514106,Centro Local
3514205,Centro Local
3514304,Centro Local
3514403,Centro Subregional
3514502,Centro Local
3514601,Centro Local
3514700,Centro Local
3514809,Centro Local
3514908,Centro Local
3515152,Centro Local
3515186,Centro de Zona
3515194,Centro Local
3515202,Centro Local
3515350,Centro Local
3515400,Centro Local
3515509,Centro Subregional
3515608,Centro Local
3515657,Centro Local
3515806,Centro Local
3515905,Centro Local
3516002,Centro Local
3516101,Centro Local
3516200,Capital Regional
3516507,Centro Local
3516606,Centro Local
3516705,Centro de Zona
3516804,Centro Local
3516903,Centro Local
3517000,Centro Local
3517109,Centro Local
3517208,Centro Local
3517307,Centro Local
3517406,Centro Local
3517604,Centro Local
3517703,Centro Local
3517802,Centro Local
3517901,Centro Local
3518008,Centro Local
3518107,Centro Local
3518206,Centro Local
3518305,Centro Local
3518404,Capital Regional
3518503,Centro Local
3518602,Centro Local
3518859,Centro Local
3518909,Centro Local
3519006,Centro Local
3519105,Centro Local
3519204,Centro Local
3519253,Centro Local
3519402,Centro Local
3519501,Centro Local
3519600,Centro Subregional
3519709,Centro Local
3519808,Centro Local
3519907,Centro Local
3520103,Centro Local
3520202,Centro Local
3520301,Centro Local
3520442,Centro de Zona
3520509,Centro Subregional
3520707,Centro Local
3520905,Centro Local
3521200,Centro Local
3521309,Centro Local
3521507,Centro Local
3521606,Centro Local
3521705,Centro Local
3521804,Centro Local
3521903,Centro Local
3522000,Centro Local
3522158,Centro Local
3522307,Centro Subregional
3522406,Centro Subregional
3522604,Centro Subregional
3522653,Centro Local
3522703,Centro de Zona
3522802,Centro de Zona
3522901,Centro Local
3523008,Centro Local
3523206,Centro Subregional
3523305,Centro Local
3523404,Centro Subregional
3523503,Centro Local
3523602,Centro Local
3523800,Centro Local
3523909,Centro Subregional
3524105,Centro de Zona
3524204,Centro Local
3524303,Centro Subregional
3524600,Centro Local
3524709,Centro Local
3524808,Centro Subregional
3525300,Capital Regional
3525409,Centro Local
3525508,Centro Local
3525607,Centro Local
3525706,Centro de Zona
3525805,Centro Local
3525854,Centro Local
3525904,Capital Regional
3526001,Centro Local
3526100,Centro Local
3526209,Centro Local
3526308,Centro Local
3526407,Centro de Zona
3526506,Centro Local
3526704,Centro Subregional
3526803,Centro Subregional
3526902,Capital Regional
3527108,Centro Subregional
3527207,Centro Subregional
3527256,Centro Local
3527504,Centro Local
3527603,Centro Local
3527702,Centro Local
3527801,Centro Local
3527900,Centro Local
3528007,Centro Local
3528106,Centro Local
3528304,Centro Local
3528601,Centro de Zona
3528700,Centro Local
3528809,Centro Local
3529005,Capital Regional
3529104,Centro Local
3529203,Centro Local
3529302,Centro Subregional
3529500,Centro Local
3529609,Centro Local
3529658,Centro Local
3529708,Centro Local
3529807,Centro Local
3529906,Centro Local
3530003,Centro Local
3530102,Centro Local
3530201,Centro Local
3530508,Centro de Zona
3530706,Centro Subregional
3530904,Centro Local
3531308,Centro de Zona
3531407,Centro Local
3531506,Centro Local
3531605,Centro Local
3531902,Centro Local
3532009,Centro Local
3532058,Centro Local
3532108,Centro Local
3532157,Centro Local
3532306,Centro Local
3532405,Centro Local
3532603,Centro Local
3532702,Centro Local
3532827,Centro Local
3532843,Centro Local
3532868,Centro Local
3532900,Centro Local
3533007,Centro Local
3533205,Centro Local
3533502,Centro de Zona
3533601,Centro Local
3533700,Centro Local
3533809,Centro Local
3533908,Centro Subregional
3534302,Centro Subregional
3534500,Centro Local
3534609,Centro de Zona
3534708,Centro Subregional
3534757,Centro Local
3534807,Centro Local
3534906,Centro Local
3535002,Centro Local
3535200,Centro Local
3535309,Centro Local
3535408,Centro Local
3535507,Centro de Zona
3535606,Centro Local
3535705,Centro Local
3535804,Centro Local
3535903,Centro Local
3536000,Centro Local
3536109,Centro Local
3536208,Centro Local
3536406,Centro Local
3536570,Centro Local
3536604,Centro Local
3536703,Centro de Zona
3536802,Centro Local
3537008,Centro Local
3537107,Centro Local
3537156,Centro Local
3537206,Centro Local
3537305,Centro Subregional
3537404,Centro de Zona
3537503,Centro Local
3537602,Centro de Zona
3537701,Centro Local
3537800,Centro de Zona
3537909,Centro Local
3538204,Centro Local
3538303,Centro Local
3538501,Centro Local
3538600,Centro Local
3538709,Capital Regional
3538808,Centro de Zona
3538907,Centro Local
3539004,Centro Local
3539301,Centro Subregional
3539509,Centro Subregional
3539608,Centro Local
3539707,Centro Local
3539905,Centro Local
3540002,Centro Local
3540101,Centro Local
3540200,Centro Local
3540259,Centro Local
3540408,Centro Local
3540507,Centro Local
3540606,Centro de Zona
3540705,Centro Subregional
3540804,Centro Local
3540903,Centro Local
3541059,Centro Local
3541109,Centro Local
3541307,Centro de Zona
3541406,Capital Regional
3541505,Centro de Zona
3541604,Centro Local
3541653,Centro Local
3541703,Centro Local
3541901,Centro Local
3542206,Centro Local
3542503,Centro Local
3542602,Centro Subregional
3542909,Centro Local
3543006,Centro Local
3543204,Centro Local
3543238,Centro Local
3543402,Capital Regional
3543501,Centro Local
3543600,Centro Local
3543808,Centro Local
3543907,Centro Subregional
3544202,Centro Local
3544251,Centro Local
3544400,Centro Local
3544608,Centro Local
3544707,Centro Local
3544806,Centro Local
3544905,Centro Local
3545100,Centro Local
3545407,Centro Local
3545506,Centro Local
3545605,Centro Subregional
3545704,Centro Local
3546306,Centro Local
3546405,Centro Subregional
3546603,Centro de Zona
3547007,Centro Local
3547106,Centro Local
3547502,Centro Local
3547601,Centro Local
3547650,Centro Local
3547700,Centro Local
3547908,Centro Local
3548005,Centro Local
3548054,Centro Local
3548104,Centro Local
3548203,Centro Local
3548401,Centro Local
3548500,Capital Regional
3548609,Centro Local
3548906,Capital Regional
3549003,Centro Local
3549102,Centro Subregional
3549201,Centro Local
3549250,Centro Local
3549300,Centro Local
3549409,Centro Subregional
3549508,Centro Local
3549607,Centro Local
3549706,Centro Subregional
3549805,Capital Regional
3549904,Capital Regional
3550001,Centro Local
3550100,Centro de Zona
3550209,Centro Local
3550308,Metrópole
3550407,Centro Local
3550506,Centro Local
3550605,Centro Subregional
3550803,Centro Local
3550902,Centro Local
3551108,Centro Local
3551207,Centro Local
3551603,Centro Local
3551702,Centro Subregional
3551801,Centro Local
3551900,Centro Local
3552007,Centro Local
3552106,Centro Local
3552205,Capital Regional
3552304,Centro Local
3552551,Centro Local
3552601,Centro Local
3552700,Centro Local
3553005,Centro Local
3553104,Centro Local
3553203,Centro Local
3553302,Centro Local
3553401,Centro Local
3553500,Centro Local
3553609,Centro Local
3553658,Centro Local
3553708,Centro Subregional
3553807,Centro de Zona
3553856,Centro Local
3553955,Centro Local
3554003,Centro Subregional
3554201,Centro Local
3554300,Centro Local
3554409,Centro Local
3554607,Centro Local
3554656,Centro Local
3554706,Centro Local
3554755,Centro Local
3554953,Centro Local
3555000,Centro Subregional
3555109,Centro Local
3555208,Centro Local
3555307,Centro Local
3555356,Centro Local
3555505,Centro Local
3555703,Centro Local
3555802,Centro Local
3555901,Centro Local
3556008,Centro Local
3556107,Centro Local
3556305,Centro Local
3556354,Centro Local
3556404,Centro Local
3556800,Centro Local
3556909,Centro Local
3557105,Centro Subregional
3557154,Centro Local
3557204,Centro Local
